GABA_B_receptor_activation,EGFR_interacts_with_phospholipase_C-gamma,Epidermal_Growth_Factor_Receptor_(EGFR)_signaling,CaM_pathway,Alternative_complement_activation,NADPH_regeneration,Synthesis_of_lysophosphatidic_acid_from_dihydroxyacetone_phosphate,Activation_of_CaMK_IV,Alpha-oxidation_of_phytanate,Utilization_of_Ketone_Bodies,Synthesis_of_Ketone_Bodies,Highly_calcium_permeable_nicotinic_acetylcholine_receptors,Lectin_pathway_of_complement_activation,Toll_Like_Receptor_TLR6/TLR2_Cascade,TRAF6_mediated_induction_of_TAK1_complex,Tandem_pore_domain_halothane-inhibited_K+_channel_(THIK),Transferrin_endocytosis_and_recycling,Passive_Transport_by_Aquaporins,Iron_uptake_and_transport,Destabilization_of_mRNA_by_KSRP,ALK1_signaling_events,Vitamin_B1_(thiamin)_metabolism,Vitamin_B2_(riboflavin)_metabolism,Disinhibition_of_SNARE_formation,Pyrimidine_salvage_reactions,role_of_ran_in_mitotic_spindle_regulation,Regulation_of_ornithine_decarboxylase_(ODC),Methionine_salvage_pathway,Enzymatic_degradation_of_dopamine_by_COMT,Degradation_of_GABA,Neurotransmitter_Clearance_In_The_Synaptic_Cleft,Enzymatic_degradation_of_Dopamine_by_monoamine_oxidase,Costimulation_by_the_CD28_family,G-protein_activation,Apoptotic_cleavage_of_cell_adhesion__proteins,TRAF6_mediated_IRF7_activation_in_TLR7/8_or_9_signaling,Conversion_from_APC/C/Cdc20_to_APC/C/Cdh1_in_late_anaphase,Highly_calcium_permeable_postsynaptic_nicotinic_acetylcholine_receptors,APC/C/Cdc20_mediated_degradation_of_mitotic_proteins,Autodegradation_of_Cdh1_by_Cdh1/APC/C,ahr_signal_transduction_pathway,Switching_of_origins_to_a_post-replicative_state,Polymerase_switching,Unwinding_of_DNA,Purine_catabolism,Purine_salvage,Formation_of_ATP_by_chemiosmotic_coupling,Purine_ribonucleoside_monophosphate_biosynthesis,Sulfide_oxidation_to_sulfate,Degradation_of_cysteine_and_homocysteine,Cysteine_formation_from_homocysteine,Sulfur_amino_acid_metabolism,Glyoxylate_metabolism,GABA_synthesis,ALK2_signaling_events,Dual_incision_reaction_in_GG-NER,BH3-only_proteins_associate_with_and_inactivate_anti-apoptotic_BCL-2_members,Activation_and_oligomerization_of_BAK_protein,Nectin/Necl__trans_heterodimerization,Serine_biosynthesis,Toll_Like_Receptor_3_(TLR3)_Cascade,activated_TAK1_mediates_p38_MAPK_activation,Citric_acid_cycle_(TCA_cycle),Tetrahydrobiopterin_(BH4)_synthesis__recycling__salvage_and_regulation,NOSIP_mediated_eNOS_trafficking,Interconversion_of_2-oxoglutarate_and_2-hydroxyglutarate,Endogenous_sterols,Aromatic_amines_can_be_N-hydroxylated_or_N-dealkylated_by_CYP1A2,CYP2E1_reactions,Xenobiotics,Electric_Transmission_Across_Gap_Junctions,Fatty_acids,Eicosanoids,DNA_Damage_Recognition_in_GG-NER,Formation_of_incision_complex_in_GG-NER,Processing_of_DNA_ends_prior_to_end_rejoining,ER_Quality_Control_Compartment_(ERQC),Androgen_biosynthesis,Basigin_interactions,Transport_of_connexons_to_the_plasma_membrane,Histamine_receptors,Insulin_receptor_recycling,Adenosine_P1_receptors,Removal_of_the_Flap_Intermediate,Bicarbonate_transporters,Mitochondrial_ABC_transporters,neuroregulin_receptor_degredation_protein-1_controls_erbb3_receptor_recycling,Regulation_of_Rheb_GTPase_activity_by_AMPK,IRAK2_mediated_activation_of_TAK1_complex,IRAK1_recruits_IKK_complex,Cross-presentation_of_soluble_exogenous_antigens_(endosomes),Toll_Like_Receptor_10_(TLR10)_Cascade,Formation_of_transcription-coupled_NER_(TC-NER)_repair_complex,p53-Independent_DNA_Damage_Response,Insulin_effects_increased_synthesis_of_Xylulose-5-Phosphate,eNOS_activation,Monoamines_are_oxidized_to_aldehydes_by_MAOA_and_MAOB__producing_NH3_and_H2O2,Alcohol_catabolism,FMO_oxidizes_nucleophiles,BMP_receptor_signaling,PLC-mediated_hydrolysis_of_PIP2,Glypican_pathway,Stimulation_of_the_cell_death_response_by_PAK-2p34,Regulation_of_PAK-2p34_activity_by_PS-GAP/RHG10,Destabilization_of_mRNA_by_Butyrate_Response_Factor_1_(BRF1),Destabilization_of_mRNA_by_Tristetraprolin_(TTP),MyD88-independent_cascade_initiated_on_plasma_membrane,LPS_transferred_from_LBP_carrier_to_CD14,IKK_complex_recruitment_mediated_by_RIP1,Recycling_of_eIF2/GDP,Eukaryotic_Translation_Elongation,APC/C/Cdc20_mediated_degradation_of_Securin,Lysine_catabolism,Branched-chain_amino_acid_catabolism,Tryptophan_catabolism,Urea_synthesis,Proline_catabolism,Conjugation_of_benzoate_with_glycine,Repair_synthesis_of_patch_~27-30_bases_long__by_DNA_polymerase,Formation_of_the_active_cofactor__UDP-glucuronate,Acetylation,Methylation,Glutathione_synthesis_and_recycling,Conversion_of_palmitic_acid_to_very_long_chain_fatty_acyl-CoAs,Fatty_acid__triacylglycerol__and_ketone_body_metabolism,pelp1_modulation_of_estrogen_receptor_activity,PLCG1_events_in_ERBB2_signaling,GRB2/SOS_provides_linkage_to_MAPK_signaling_for_Intergrins,AlphaE_beta7_integrin_cell_surface_interactions,Synthesis_of_dolichyl-phosphate-glucose,Synthesis_of_GDP-mannose,Synthesis_of_dolichyl-phosphate_mannose,Biosynthesis_of_the_N-glycan_precursor_(dolichol_lipid-linked_oligosaccharide__LLO)_and_transfer_to_a_nascent_protein,Synthesis_of_Dolichyl-phosphate,Cori_Cycle_(interconversion_of_glucose_and_lactate),TRIF_mediated_TLR3_signaling,Toll_Like_Receptor_7/8_(TLR7/8)_Cascade,TRAF6_mediated_induction_of_NFkB_and_MAP_kinases_upon_TLR7/8_or_9_activation,MyD88_dependent_cascade_initiated_on_endosome,IRAK2_mediated_activation_of_TAK1_complex_upon_TLR7/8_or_9_stimulation,IRAK1_recruits_IKK_complex_upon_TLR7/8_or_9_stimulation,mRNA_Decay_by_5prime_to_3prime_Exoribonuclease,mRNA_Decay_by_3prime_to_5prime_Exoribonuclease,Nicotinate_metabolism,Formation_of_editosomes_by_ADAR_proteins,Conjugation_of_salicylate_with_glycine,Conjugation_of_phenylacetate_with_glutamine,Propionyl-CoA_catabolism,Beta_oxidation_of_myristoyl-CoA_to_lauroyl-CoA,Beta_oxidation_of_palmitoyl-CoA_to_myristoyl-CoA,Beta_oxidation_of_decanoyl-CoA_to_octanoyl-CoA-CoA,Beta_oxidation_of_lauroyl-CoA_to_decanoyl-CoA-CoA,Beta_oxidation_of_hexanoyl-CoA_to_butanoyl-CoA,Beta_oxidation_of_octanoyl-CoA_to_hexanoyl-CoA,mitochondrial_fatty_acid_beta-oxidation_of_unsaturated_fatty_acids,Beta_oxidation_of_butanoyl-CoA_to_acetyl-CoA,Inactivation_of_APC/C_via_direct_inhibition_of_the_APC/C_complex,Adrenoceptors,Muscarinic_acetylcholine_receptors,Transport_to_the_Golgi_and_subsequent_modification,COPII_(Coat_Protein_2)_Mediated_Vesicle_Transport,ATM_mediated_response_to_DNA_double-strand_break,Serotonin_receptors,Activated_AMPK_stimulates_fatty-acid_oxidation_in_muscle,Pyrophosphate_hydrolysis,Eicosanoid_ligand-binding_receptors,Gluconeogenesis,Hexose_transport,Glycogen_synthesis,Glycogen_breakdown_(glycogenolysis),Cdc20/Phospho-APC/C_mediated_degradation_of_Cyclin_A,TWIK-releated_acid-sensitive_K+_channel_(TASK),PLC-gamma1_signalling,Signalling_to_p38_via_RIT_and_RIN,APC-Cdc20_mediated_degradation_of_Nek2A,Na+/Cl-_dependent_neurotransmitter_transporters,Astrocytic_Glutamate-Glutamine_Uptake_And_Metabolism,Metabolism_of_seratonin,Recognition_and_association_of_DNA_glycosylase_with_site_containing_an_affected_pyrimidine,Cleavage_of_the_damaged_purine,Recognition_and_association_of_DNA_glycosylase_with_site_containing_an_affected_purine,SHC_activation,Insulin_receptor_mediated_signaling,Proton/oligonucleotide_cotransporters,Proton-coupled_neutral_amino_acid_transporters,Digestion_of_dietary_lipid,Synthesis_of_cytosolic_5-phospho-alpha-D-ribose_1-diphosphate_(PRPP)_from_D-ribose_5-phosphate,Pentose_phosphate_pathway_(hexose_monophosphate_shunt),Galactose_catabolism,Chylomicron-mediated_lipid_transport,Cross-presentation_of_particulate_exogenous_antigens_(phagosomes),Platelet_homeostasis,cGMP_effects,The_NLRP1_inflammasome,Terminal_pathway_of_complement,Activation_of_C3_and_C5,The_AIM2_inflammasome,Gamma-carboxylation_of_protein_precursors,Inactivation_of_Cdc42_and_Rac,L1CAM_interactions,C6_deamination_of_adenosine,Cyclin_B2_mediated_events,Thrombin_signalling_through_proteinase_activated_receptors_(PARs),ADP_signalling_through_P2Y_purinoceptor_12,Microtubule-dependent_trafficking_of_connexons_from_Golgi_to_the_plasma_membrane,Reactions_specific_to_the_complex_N-glycan_synthesis_pathway,Gamma-carboxylation__transport__and_amino-terminal_cleavage_of_proteins,DNA-PK_pathway_in_nonhomologous_end_joining,Transport_of_gamma-carboxylated_protein_precursors_from_the_endoplasmic_reticulum_to_the_Golgi_apparatus,Vasopressin-like_receptors,Tachykinin_receptors_bind_tachykinins,Inhibition_of_the_proteolytic_activity_of_APC/C_required_for_the_onset_of_anaphase_by_mitotic_spindle_checkpoint_components,Regulation_of_Signaling_by_NODAL,Polymerase_switching_on_the_C-strand_of_the_telomere,Removal_of_the_Flap_Intermediate_from_the_C-strand,Packaging_Of_Telomere_Ends,PERK_regulated_gene_expression,Activation_of_Chaperones_by_ATF6-alpha,Inhibition_of_HSL,Adrenaline_signalling_through_Alpha-2_adrenergic_receptor,p130Cas_linkage_to_MAPK_signaling_for_integrins,Arachidonate_production_from_DAG,Response_to_elevated_platelet_cytosolic_Ca2+,Axonal_growth_stimulation,Ceramide_signalling,NGF-independant_TRKA_activation,TRKA_activation_by_NGF,yaci_and_bcma_stimulation_of_b_cell_immune_responses,Sterols_are_12-hydroxylated_by_CYP8B1,Hormone_ligand-binding_receptors,AMPK_inhibits_chREBP_transcriptional_activation_activity,CaMK_IV-mediated_phosphorylation_of_CREB,SCF-beta-TrCP_mediated_degradation_of_Emi1,PKA-mediated_phosphorylation_of_CREB,Cam-PDE_1_activation,Assembly_of_the_ORC_complex_at_the_origin_of_replication,Displacement_of_DNA_glycosylase_by__APE1,Synthesis__Secretion__and_Inactivation_of_Glucose-dependent_Insulinotropic_Polypeptide_(GIP),Inhibition_of_TSC_complex_formation_by_PKB,PDE3B_signalling,IRS_activation,Vitamins,PDGF_receptor_signaling_network,COX_reactions,Repair_synthesis_for_gap-filling_by_DNA_polymerase_in_TC-NER,Transport_of_vitamins__nucleosides__and_related_molecules,Transport_of_fatty_acids,Transport_of_nucleotide_sugars,N-glycan_trimming_and_elongation_in_the_cis-Golgi,Progressive_trimming_of_alpha-1_2-linked_mannose_residues_from_Man9/8/7GlcNAc2_to_produce_Man5GlcNAc2,Estrogen_biosynthesis,Mineralocorticoid_biosynthesis,Glucocorticoid_biosynthesis,Pregnenolone_biosynthesis,Synthesis_of_bile_acids_and_bile_salts_via_27-hydroxycholesterol,Processive_synthesis_on_the_C-strand_of_the_telomere,Vitamin_D_(calciferol)_metabolism,Activation_of_PKB,Proton-coupled_monocarboxylate_transport,Metal_ion_SLC_transporters,Facilitative_Na+-independent_glucose_transporters,Zinc_influx_into_cells_by_the_SLC39_gene_family,Cytosolic_tRNA_aminoacylation,Mitochondrial_tRNA_aminoacylation,Transport_of_organic_anions,HCN_channels,Inhibition__of_voltage_gated_Ca2+_channels_via_Gbeta/gamma_subunits,Activation_of_G_protein_gated_Potassium_channels,Prostanoid_metabolism,Synthesis_of_bile_acids_and_bile_salts,Leukotriene_synthesis,Synthesis_of_bile_acids_and_bile_salts_via_7alpha-hydroxycholesterol,Synthesis_of_bile_acids_and_bile_salts_via_24-hydroxycholesterol,CREB_phosphorylation_through_the_activation_of_Adenylate_Cyclase,Other_semaphorin_interactions,Lysosome_Vesicle_Biogenesis,Gap_junction_assembly,Sema4D_induced_cell_migration_and_growth-cone_collapse,reversal_of_insulin_resistance_by_leptin,Heme_degradation,Striated_Muscle_Contraction
GABBR2,PLCG1,EGFR,CALM1,CFD,IDH1,GNPAT,CALM1,SLC27A2,OXCT1,BDH1,CHRNA1,MASP2,TLR6,UBB,KCNK13,ATP6V0D1,AQP6,TF,EXOSC6,TLX2,TPK1,ACP5,STX4,TK2,RANBP2,ODC1,APIP,MAOA,ABAT,SLC22A2,MAOA,PIK3R3,GNG12,CASP3,TRAF6,ANAPC10,CHRNA1,ANAPC10,UBB,AIP,MCM5,RFC1,MCM5,NT5C2,DCK,ATP5E,PFAS,SLC25A10,CTH,CTH,GCLC,HAO1,GAD2,TLX2,CDK7,BCL2,BID,PVRL1,PHGDH,TLR3,TRAF6,ACO2,CALM1,NOS3,IDH1,POMC,CYP1A2,CYP2E1,CYP3A5,GJC1,CYP2J2,CYP4F8,XPC,CDK7,XRCC5,UGGT2,POMC,CAV1,GJB2,HRH2,ATP6V0D1,ADORA3,PCNA,SLC4A2,ABCB6,UBE2D1,RHEB,UBB,TRAF6,PSMC5,TLR10,CDK7,CDC25A,TKT,CALM1,MAOA,ADH1A,FMO2,TAB1,PLCG2,HBB,CASP3,PAK2,EXOSC6,EXOSC6,TICAM1,LBP,TICAM1,EIF2S1,EEF1D,UBB,DLD,ACAT1,AADAT,ARG2,ALDH4A1,GLYAT,RFC1,UGP2,NAT1,COMT,GCLC,ELOVL7,GPD2,SRC,PLCG1,SRC,CDH1,ALG5,GMPPA,DPM3,ALG9,DOLK,DLD,TICAM1,TLR8,TRAF6,TRAF6,UBB,TRAF6,DCP2,EXOSC6,NADK,ADAR,GLYAT,ACSM2B,MCEE,HADHB,HADHB,HADHB,HADHB,HADHB,HADHB,HADHB,HADH,ANAPC10,ADRA2A,CHRM3,MCFD2,PREB,ATM,HTR1E,PRKAB1,PPA2,OXER1,GOT1,RBBP8,UGP2,CALM1,UBB,KCNK9,PLCG1,NTRK1,UBB,SLC22A2,GLUL,MAOA,CCNO,OGG1,OGG1,INS,INS,SLC15A3,SLC36A1,PNLIPRP2,PRPS1,TKT,GALE,MAPK14,CD36,P2RX1,PRKG2,BCL2,C8B,CFB,CASP1,F10,RAC1,L1CAM,ADAR,CDC25A,SRC,GNG12,GJA1,MAN2A1,VKORC1,XRCC5,F10,OXTR,TACR1,CDC20,ACVR2A,RFC1,PCNA,HIST1H2AJ,EIF2S1,HSPA5,PDE3B,ADRA2A,SRC,DAGLA,PRKCG,RHOA,NGF,ADORA2A,NTRK1,TRAF6,CYP8B1,CGA,PRKAG2,CALM1,UBB,PRKACA,CALM1,ORC4,CCNO,PCSK1,TSC1,PDE3B,MAPK1,CYP26B1,PDGFRA,PTGS1,RFC1,RBBP8,SLC27A1,SLC35D1,MANEA,MAN1A1,CYP19A1,CYP11B2,POMC,CYP11A1,CYP7B1,PCNA,CYP24A1,AKT2,SLC16A3,SLC40A1,ARNT,SLC39A14,PPA1,PPA2,AVP,HCN2,GABBR2,GABBR2,PTGIS,CYP7B1,MAPKAPK2,SLC27A2,SLC27A2,SNCA,ITGB1,ARRB1,GJA1,RHOA,PRKAB1,HMOX1,MYL2
GABBR1,ARHGAP5,EGF,DIAPH1,CFB,,FAR1,DIAPH1,SLC25A17,BDH1,ACAT1,CHRNB2,MASP1,TLR2,TRAF6,,MCOLN1,AQP10,ABCG2,EXOSC4,NUP210,THTPA,FLAD1,STXBP3,TK1,RANBP1,PSMC5,MRI1,COMT,ALDH5A1,ACHE,COMT,TNFRSF14,GNAO1,DSG1,TLR8,UBE2D1,CHRNB2,UBE2D1,UBC,HSP90AA1,MCM4,RFC2,MCM4,NT5E,PNP,ATP5D,ATIC,SQRDL,CDO1,CBS,BHMT,AGXT2,GAD1,SMAD1,MNAT1,BAD,BAK1,PVRL3,PSPH,,TAB1,IDH3A,DIAPH1,NOSIP,ADHFE1,CYP11B2,,,CYP3A4,GJD2,CYP4A11,CYP4F2,RAD23B,MNAT1,PRKDC,EDEM2,CYP17A1,PPIA,,HRH1,ATP6V1A,ADORA1,POLD3,SLC4A1,ABCB10,NRG3,TSC1,TRAF6,IRAK1,PSMC4,,MNAT1,,TALDO1,DIAPH1,MAOB,ALDH1A1,FMO3,TAB2,,,PAK2,ARHGAP10,EXOSC4,EXOSC4,TICAM2,CD14,TICAM2,EIF2S3,EEF1A1,UBC,OGDH,DLD,ACMSD,ARG1,PRODH,ACSM2B,RFC2,SLC35D1,NAT2,AHCY,GCLM,HSD17B12,,EP300,ARHGAP5,GRB2,MYL2,,PMM2,DPM1,ALG3,DOLPP1,SLC16A3,TLR3,TLR7,TLR8,TLR8,TRAF6,IRAK1,XRN1,EXOSC4,NADSYN1,ADARB1,ACSM2B,ACSM1,MUT,ACADL,HADHA,HADHA,ACADL,HADHA,HADHA,ACADL,ECHS1,UBE2D1,ADRA2C,CHRM4,LMAN1,SAR1B,,HTR1D,PRKAA1,PPA1,,SLC25A10,ATR,GYG1,DIAPH1,UBC,KCNK3,ARHGAP5,NGF,UBC,RBBP8,SLC1A2,ALDH2,TDG,MUTYH,MUTYH,INSR,INSR,SLC15A2,SLC36A2,CLPS,PRPS1L1,TALDO1,GALT,SAR1B,ITGAV,,PDE3B,BCL2L1,C9,C3,PYCARD,F2,ARHGAP39,CD24,ADARB1,CDK1,NUP210,GNAI1,,MGAT2,,PRKDC,F2,AVP,TACR2,MAD2L1,ACVR2B,RFC2,POLD3,HIST3H3,EIF2AK3,MBTPS2,AKT2,ADRA2C,EP300,DAGLB,PRKCA,NGF,NGFR,NTRK1,NGF,TRAF3,,LHB,PRKAB2,DIAPH1,UBC,PARK2,DIAPH1,ORC2,TDG,GATA4,TSC2,AKT2,INS,CYP26C1,PDGFB,PTGS2,RFC2,ATR,SLC27A4,SLC35C1,MGAT1,MAN1A2,HSD17B1,CYP21A2,CYP21A2,STARD5,CYP27A1,POLD3,CYP2R1,JUN,SLC16A1,HEPH,EP300,SLC39A6,VARS,KARS,SLCO3A1,HCN4,GABBR1,GABBR1,TBXAS1,CH25H,GGT5,CYP7A1,CYP46A1,PRKACB,PLXNA2,TXNDC5,,BCL2,PRKAA1,HMOX2,TPM2
,RHOA,SRC,PFN1,C3,,FAR2,PFN1,HACL1,ACAT1,HMGCS2,CHRNB4,MBL2,,UBC,,ATP6V1A,AQP8,FLVCR1,EXOSC9,GDF2,SLC19A3,RFK,PRKCG,UPP2,NUMA1,PSMC4,ADI1,,,,,BTLA,GNAI1,DUSP9,TLR7,CDC20,CHRNB4,CDC20,UBA52,ARNT,MCM3,PCNA,MCM3,PNP,GMPR2,ATP5O,GART,ETHE1,CSAD,,AHCY,DAO,,BMPR2,DDB2,BBC3,,CADM1,PSAT1,,TAB3,CS,PFN1,,L2HGDH,CYP7A1,,,CYP3A7,GJA10,CYP4F12,CYP4F3,,DDB2,TDP1,EDEM3,HSD17B3,SLC16A3,,HRH4,ATP6V1G3,ADORA2B,POLD2,RBBP8,ABCB8,NRG1,TSC2,UBC,UBE2V1,PSMD12,,CCNH,,,PFN1,,ACSS2,FMO1,MAP3K7,,,,,EXOSC9,EXOSC9,LY96,,LY96,EIF2S2,EEF1B2,UBA52,DLST,MCCC2,KYNU,NAGS,,ACSM1,PCNA,UGDH,,MTR,CNDP2,ELOVL5,,ESR1,RHOA,EP300,ITGB7,,PMM1,DPM2,ALG2,,SLC16A1,,,TLR7,TLR7,UBC,UBE2V1,DCP1A,EXOSC9,NMNAT3,,,,PCCA,HADHA,ACADVL,ACADM,HADHA,HADH,ACADM,HADHA,ACADS,CDC20,ADRA2B,CHRM1,,SEC24C,,HTR2C,PRKAG2,,,MDH2,BRCA1,GYG2,PFN1,UBA52,,RHOA,RIT2,UBA52,ATR,SLC1A3,,SMUG1,MPG,MPG,SHC1,,SLC15A1,,PNLIP,PRPS2,G6PD,GALK1,P4HB,CYBB,,ITPR1,NLRP1,C6,C5,AIM2,PROC,SRGAP3,EPHB2,,CCNB2,NUTF2,GNG8,,MAN2A2,,XRCC6,PROC,AVPR1A,TAC1,,CER1,PCNA,POLD2,HIST1H2AD,ATF4,MBTPS1,JUN,ADRA2B,TLN1,MGLL,PRKCB,ARHGDIA,SMPD2,ADCYAP1,,YWHAE,,LHCGR,PRKAA2,PFN1,UBA52,SNCA,PFN1,ORC1,SMUG1,SPCS3,AKT2,JUN,INSR,CYP26A1,PDGFA,,PCNA,BRCA1,SLC27A6,SLC35B4,,MAN1C1,,CYP11B1,CYP11B1,STAR,CYP8B1,POLD2,CYP27B1,MAPK8,SLC16A8,CP,EPO,SLC39A8,AARS,QARS,SLCO2B1,HCN3,GNG12,GNG12,PTGS1,,ALOX5,CYP27A1,CYP39A1,CREB1,PLXNA1,HSPA8,,CYP1A2,PRKAG2,BLVRB,TPM4
,EGFR,ADAM17,,,,AGPS,CAMK4,PHYH,,HMGCL,CHRNB3,,,UBA52,,ATP6V1G3,AQP9,CYBRD1,EXOSC7,ENG,SLC19A2,ENPP1,PRKCA,UPP1,AURKA,PSMD12,ENOPH1,,,,,GRB2,GNG8,DSP,IRF7,ANAPC7,CHRNB3,ANAPC7,RPS27A,AHR,MCM6,POLD3,MCM6,NT5C1B,GMPR,ATP5C1,PAICS,TST,,,MTR,GRHPR,,FKBP1A,CCNH,BID,,CADM3,,,TAB2,NNT,AKT1,,D2HGDH,CYP21A2,,,CYP2C19,PANX1,CYP4B1,PTGIS,,CCNH,XRCC6,EDEM1,HSD3B1,SLC7A5,,HRH3,ATP6V1G2,ADORA2A,POLA2,ATR,ABCB7,ERBB3,PRKAB1,UBA52,UBE2N,PSMA6,,ERCC2,,,AKT1,,ADH1B,,SMAD1,,,,,EXOSC7,EXOSC7,TLR4,,TLR4,EIF2B2,EEF1G,RPS27A,ALDH7A1,AUH,HAAO,ASS1,,,POLD3,,,MAT2B,GGT5,ELOVL6,,PELP1,EGFR,EPOR,ITGAE,,MPI,,ALG11,,BSG,,,MYD88,MYD88,UBA52,UBE2N,EDC4,EXOSC7,NMNAT1,,,,PCCB,,,HADH,HADH,ECHS1,HADH,ACADM,,ANAPC7,ADRB3,CHRM2,,SEC13,,HTR1B,PRKAB2,,,PRKACA,TREX1,GBE1,GYG1,RPS27A,,FRS2,RIT1,RPS27A,BRCA1,SLC38A1,,MBD4,,,,,SLC15A4,,CEL,,PGLS,,APOB,ITGB5,,PDE2A,,C8A,C2,,PROS1,SRGAP2,CNTN2,,CDC25B,RANBP2,GNGT2,,FUT8,,LPL,PROS1,AVPR1B,TACR3,,CFC1,POLD3,POLD1,HIST1H2AC,HSPA5,ATF6,MAPK8,,FGB,,,NGFR,ELK1,NTRK2,,TRAF5,,TSHR,STK11,CAMK4,RPS27A,PRKACG,PDE1B,ORC3,MBD4,SEC11A,JUN,MAPK8,IRS1,CYP24A1,PDGFRB,,POLD3,TREX1,,SLC35D2,,,,HSD3B1,CYP17A1,STARD6,AKR1C4,POLD1,LRP2,TRIB3,SLC16A7,SLC11A2,SLC2A2,SLC39A1,AIMP1,GARS,SLCO1C1,HCN1,GNG8,GNG8,PTGS2,,LTC4S,CYP8B1,CYP27A1,ADCY8,PLXNA4,BLOC1S1,,ERBB2,PRKAB2,BLVRA,TNNI1
,EGF,ADAM12,,,,,,,,,CHRNA3,,,RPS27A,,ATP6V1G2,AQP5,HMOX1,DCP2,SMAD1,,,PRKCB,TYMP,KPNA2,PSMA6,MTAP,,,,,ICOS,GNGT2,CTNNB1,MYD88,ANAPC11,CHRNA3,ANAPC11,PSMC5,,MCM7,POLD2,MCM7,NT5C1A,HPRT1,ATP5B,PPAT,SUOX,,,MAT2B,AGXT,,SMAD9,DDB1,BCL2L11,,PVR,,,MAP3K7,IDH2,HSP90AA1,,,CYP11B1,,,CYP2F1,PANX2,,TBXAS1,,DDB1,,UGGT1,HSD3B2,SLC7A10,,,ATP6V1F,,PRIM2,SLC4A9,,TP53,PRKAA1,RPS27A,IKBKG,PSMB7,,GTF2H2,,,CAV1,,ADH1C,,BMPR2,,,,,DCP2,DCP2,,,IKBKG,EIF2B4,,PSMC5,AADAT,IVD,AFMID,ASL,,,POLD2,,,MAT1A,GGT6,ELOVL1,,,EGF,TLN1,,,GMPPB,,ALG14,,SLC16A8,,,IRAK4,IRAK4,RPS27A,IKBKG,DCP1B,EXOSC1,QPRT,,,,,,,ECHS1,ECHS1,ACADS,ECHS1,ECI1,,ANAPC11,PAK1,CHRM5,,SEC24D,,HTR6,PRKAA2,,,MDH1,ATM,GYS1,GYG2,PSMC5,,NTRK1,BRAF,ANAPC10,TREX1,,,NTHL1,,,,,,,,,PGD,,HSPG2,,,PDE1B,,C8G,C4A,,GAS6,SRGAP1,RANBP9,,CDC25C,MAPK1,GNG10,,,,DNTT,GAS6,AVPR2,TAC3,,ACVR1C,POLD2,POLD4,H2AFZ,,,,,FGA,,,,,ADCYAP1R1,,TANK,,FSHR,MLXIPL,CREB1,PSMC5,PRKACB,PDE1A,ORC6,NTHL1,SPCS1,MAPK8,,IRS2,CYP2R1,PDGFD,,POLD2,ATM,,SLC35B2,,,,HSD3B2,HSD3B1,STARD4,HSD3B7,POLD4,CUBN,THEM4,,SLC11A1,JUN,SLC39A2,RARS,RARS2,SLCO2A1,,GNGT2,GNGT2,PTGES3,,LTA4H,AKR1C4,CYP8B1,ADCY1,TYROBP,DNAJC6,,RPS6KA5,PRKAA2,UGT1A1,TNNI2
,,LRIG1,,,,,,,,,CHRNA4,,,TAB1,,ATP6V1F,AQP7,HMOX2,KHSRP,TGFB3,,,,CDA,KPNB1,PSMB7,GOT1,,,,,PTPN11,GNG10,DSG3,IRAK4,CDC14A,CHRNA4,UBE2C,PSMC4,,MCM2,POLA2,MCM2,NT5C,APRT,ATP5J2,ADSS,,,,MAT1A,,,SMAD5,XPC,BCL2L1,,PVRL2,,,MAPK11,MDH2,PRKG2,,,CYP46A1,,,CYP2D6,,,,,XPC,,MAN1B1,CGA,SLC7A11,,,ATP6V1C1,,POLA1,SLC4A8,,RNF41,PRKAG2,TAB1,CHUK,PSMD5,,GTF2H3,,,HSP90AA1,,ADH4,,MAPK1,,,,,EXOSC1,EXOSC1,,,CHUK,EIF2B5,,PSMC4,SLC25A21,BCKDHA,IDO2,CPS1,,,RFC4,,,MAT2A,GGT2,ELOVL2,,,ERBB2,FGB,,,,,ALG1,,DLAT,,,IRAK1,IRAK1,TAB1,CHUK,EDC3,EXOSC3,NMNAT2,,,,,,,,,,,DECR1,,UBE2C,ADRB1,,,SEC31A,,HTR7,PRKAG1,,,GOT2,SLC2A5,GYS2,PGM2,PSMC4,,NGF,,UBE2D1,ATM,,,,,,,,,,,,RPE,,APOA1,,,PRKG1,,C7,C4B,,PROZ,ROBO1,ALCAM,,,NUP214,GNG11,,,,PNKP,PROZ,OXT,,,ACVR1B,POLA2,RPA1,HIST2H2AA3,,,,,FN1,,,,,,,HDAC5,,TSHB,,,PSMC4,CREB1,PDE1C,ORC5,OGG1,SEC11C,,,DOK1,CYP27B1,RASGRF1,,RFC4,SLC5A6,,SLC35A3,,,,CGA,HSD3B2,AKR1B1,AKR1D1,ZFP36,LGMN,PDPK1,,SLC41A2,CREB1,SLC39A4,EPRS,AARS2,SLCO4A1,,GNG10,GNG10,,,ABCC1,HSD3B7,AKR1C4,ADCY3,PLXNC1,CLTA,,RAC1,PRKAG1,,TNNC1
,,ADAM10,,,,,,,,,CHRNA6,,,TAB3,,ATP6V1C1,AQP3,FTL,EXOSC1,BMPR2,,,,UCK2,CASP3,PSMD5,,,,,,PIK3CA,GNG11,DUSP1,IRAK1,FZR1,CHRNA6,UBE2E1,PSMD12,,,PRIM2,GINS4,GDA,AMPD3,MT-ATP8,ADSSL1,,,,MAT2A,,,SMAD4,ERCC2,PMAIP1,,PVRL4,,,MAPK14,DLD,SPR,,,CYP39A1,,,CYP1A1,,,,,ERCC2,,,LHB,SLC7A6,,,ATP6V0A4,,PRIM1,SLC4A10,,NRG2,PRKAB2,TAB3,PELI3,PSMA3,,GTF2H1,,,NOS3,,ADH6,,SMAD9,,,,,EXOSC3,EXOSC3,,,IKBKB,EIF2B3,,PSMD12,GCDH,BCAT2,IDO1,OTC,,,RFC3,,,CYP1A2,GGT7,ACSL5,,,,FGA,,,,,RFT1,,PDHX,,,TLR9,TLR9,TAB3,PELI3,LSM2,EXOSC8,,,,,,,,,,,,,,UBE2E1,ADRB2,,,SEC24A,,HTR1F,PRKAG3,,,PC,SLC5A1,PGM2,PGM1,PSMD12,,,,CDC20,SLC6A15,,,,,,,,,,,,RPIA,,APOA2,,,KCNMB4,,C5,,,GGCX,SLIT2,LAMB1,,,NUP153,GNAI2,,,,POLM,F7,,,,NODAL,PRIM2,RPA2,HIST1H2BK,,,,,FGG,,,,,,,TNFRSF13B,,GNRHR2,,,PSMD12,,,,MUTYH,SPCS2,,,,,PDGFC,,RFC3,SLC33A1,,SLC35A1,,,,LHB,HSD11B1,,,LIG1,GC,,,SLC41A1,HIF1A,SLC39A3,IARS,EARS2,ALB,,GNG7,GNG7,,,DPEP2,AKR1D1,HSD3B7,,SEMA7A,CLTC,,CDC42,PELP1,,TNNC2
,,SMAD3,,,,,,,,,CHRNA5,,,TICAM1,,ATP6V0A4,AQP4,FTH1,EXOSC3,NUTF2,,,,UCK1,RANGAP1,PSMA3,,,,,,ICOSLG,POMC,DSG2,TLR9,UBE2C,CHRNA5,ANAPC4,PSMA6,,,POLA1,GINS1,XDH,AMPD2,ATP5F1,IMPDH1,,,,GCLM,,,ACVR1,GTF2H2,,,,,,IRAK1,FH,GCHFR,,,CYP7B1,,,CYP2B6,,,,,GTF2H2,,,SRD5A3,SLC7A7,,,ATP6V0A2,,POLD1,SLC4A3,,,PRKAA2,TAB2,IKBKB,PSMD2,,GTF2H4,,,ZDHHC21,,ADH7,,SMAD5,,,,,EXOSC8,EXOSC8,,,RIPK1,EIF2B1,,PSMA6,AASS,BCKDHB,TDO2,SLC25A2,,,RFC5,,,NNMT,OPLAH,ACSL6,,,,FN1,,,,,ALG6,,LDHA,,,IRAK2,IRAK2,TAB2,IKBKB,LSM1,EXOSC5,,,,,,,,,,,,,,ANAPC4,ADRA1B,,,SEC24B,,HTR5A,ACSL1,,,ENO3,SLC2A2,PGM1,PYGB,PSMA6,,,,ANAPC7,SLC6A12,,,,,,,,,,,,,,MTTP,,,PDE1A,,,,,F7,CDC42,LAMA1,,,ARRB2,GNAI3,,,,APLF,F9,,,,LEFTY1,POLA1,RPA3,HIST1H4A,,,,,CREBBP,,,,,,,TNFSF13,,GNRH1,,,PSMA6,,,,MPG,ISL1,,,,,STAT4,,RFC5,,,SLC35A2,,,,,,,,,,,,SLC31A1,COPS5,SLC39A10,KARS,CARS2,SLCO4C1,,GNG5,GNG5,,,,BAAT,AKR1D1,,ITGA1,AP1M2,,SEMA4D,IRS1,,NEB
,,,,,,,,,,,CHRNA2,,,TICAM2,,ATP6V0A2,AQP1,SLC46A1,PARN,ACVR2A,,,,DCK,RCC1,PSMD2,,,,,,PIK3R1,GNAI2,PKP1,UBE2V1,UBE2E1,CHRNA2,CDC26,PSMB7,,,PRIM1,GINS2,GPX1,AMPD1,ATP5J,GMPS,,,,CNDP2,,,AMH,GTF2H3,,,,,,MAP2K6,SDHA,PTS,,,CYP51A1,,,CYP2C8,,,,,GTF2H3,,,SRD5A2,SLC7A9,,,ATP6V0A1,,POLD4,SLC4A4,,,PRKAG1,MAP3K7,PELI1,PSMA2,,ERCC3,,,LYPLA1,,ALDH2,,NUP214,,,,,AKT1,EXOSC5,,,,,,PSMB7,,BCAT1,KMO,SLC25A15,,,POLD1,,,TPMT,GGCT,ELOVL4,,,,SOS1,,,,,ALG8,,LDHB,,,MAP3K1,,MAP3K7,PELI1,LSM6,DIS3,,,,,,,,,,,,,,CDC26,ADRA1D,,,SEC23A,,HTR1A,STK11,,,ALDOA,,,PHKG1,PSMB7,,,,ANAPC11,SLC18A1,,,,,,,,,,,,,,APOC2,,,KCNMA1,,,,,F9,GPC1,CNTN1,,,MAPK3,GNB4,,,,NHEJ1,,,,,TDGF1,PRIM1,FEN1,HIST1H2BA,,,,,RAP1A,,,,,,,TNFRSF17,,GNRH2,,,PSMB7,,,,APEX1,FFAR1,,,,,,,POLD1,,,,,,,,,,,,,,,,SLC2A1,SLC39A7,QARS,DARS2,SLCO1B1,,GNG2,GNG2,,,,SCP2,SLC27A5,,SEMA6D,AP1M1,,PLXNB1,LEPR,,DMD
,,,,,,,,,,,,,,LY96,,ATP6V0A1,AQP2,SLC40A1,EXOSC8,RANBP2,,,,,RAN,PSMA2,,,,,,PTPN6,GNAI3,CDH1,UBE2N,ANAPC4,CHRNA9,CDC16,PSMD5,,,RFC4,CDC45,CAT,ADA,ATP5L,IMPDH2,,,,,,,BMP7,GTF2H1,,,,,,MAP2K3,SDHD,DHFR,,,CYP1B1,,,CYP2A6,,,,,GTF2H1,,,SRD5A1,L1CAM,,,ATP6V0B,,RPA1,SLC4A5,,,PRKAG3,IRAK2,PELI2,PSMD6,,ERCC4,,,,,ACSS1,,SMAD7,,,,,EXOSC5,DIS3,,,,,,PSMD5,,HSD17B10,CCBL2,,,,POLD4,,,,GSS,TECR,,,,FGG,,,,,ALG12,,PDHA1,,,ECSIT,,IRAK2,PELI2,LSM3,EXOSC2,,,,,,,,,,,,,,CDC16,ADRA1A,,,,,HTR2A,CAB39,,,FBP2,,,PHKB,PSMD5,,,,UBE2C,SLC6A13,,,,,,,,,,,,,,APOE,,,KCNMB1,,,,,,,LAMC1,,,NUP62,GNG7,,,,APTX,,,,,LEFTY2,RFC4,DNA2,HIST3H2BB,,,,,APBB1IP,,,,,,,TNFSF13B,,GNRHR,,,PSMD5,,,,,GIP,,,,,,,POLD4,,,,,,,,,,,,,,,,SLC2A3,SLC39A5,EEF1E1,NARS2,SLCO1A2,,GNG4,GNG4,,,,ACOT8,AMACR,,TREM2,AP1S2,,RND1,LEP,,TPM3
,,,,,,,,,,,,,,TLR4,,ATP6V0B,MIP,HEPH,MAPK11,ACVR2B,,,,,APAF1,PSMD6,,,,,,PIK3R2,GNB4,DUSP6,,CDC26,CHRNA7,ANAPC1,PSMA3,,,RFC3,,,DGUOK,ATP5A1,ADSL,,,,,,,AMHR2,GTF2H4,,,,,,MAPKAPK3,SDHB,GCH1,,,CYP27A1,,,CYP2A13,,,,,GTF2H4,,,,MMP1,,,ATP6V0C,,RPA2,SLC4A7,,,,,,PSMB1,,ERCC1,,,,,,,PPP1CA,,,,,DIS3,EXOSC2,,,,,,PSMA3,,ACADSB,CCBL1,,,,RPA1,,,,GGT1,ELOVL3,,,,CREBBP,,,,,ALG13,,PDHB,,,,,,,LSM5,DCPS,,,,,,,,,,,,,,ANAPC1,,,,,,HTR4,STRADB,,,SLC25A13,,,PHKA2,PSMA3,,,,UBE2E1,SLC6A11,,,,,,,,,,,,,,LPL,,,KCNMB2,,,,,,,NCAN,,,GNG12,GNG5,,,,XRCC4,,,,,,RFC3,,HIST1H2BD,,,,,ITGA2B,,,,,,,,,FSHB,,,PSMA3,,,,,DPP4,,,,,,,RPA1,,,,,,,,,,,,,,,,SLC2A4,,AIMP2,IARS2,SLCO1B3,,GNG3,GNG3,,,,SLC27A5,,,SEMA5A,AP1S1,,LIMK1,RPS6KB1,,TPM1
,,,,,,,,,,,,,,TAB2,,ATP6V0C,,CP,MAPK14,FKBP1A,,,,,TPX2,PSMB1,,,,,,,PDYN,DUSP2,,CDC16,,CDC27,PSMD2,,,RFC5,,,ADK,MT-ATP6,,,,,,,,,ERCC3,,,,,,MAPKAPK2,SDHC,NOS3,,,CYP11A1,,,CYP2C9,,,,,ERCC3,,,,SLC16A1,,,ATP6V1H,,RPA3,BRCA1,,,,,,PSMA4,,ERCC5,,,,,,,SMAD4,,,,,EXOSC2,MAPKAPK2,,,,,,PSMD2,,DBT,,,,,RPA2,,,,,ACSL4,,,,RAP1A,,,,,DPAGT1,,,,,,,,,DDX6,,,,,,,,,,,,,,,CDC27,,,,,,HTR2B,STRADA,,,SLC25A12,,,PYGM,PSMD2,,,,ANAPC4,SLC6A1,,,,,,,,,,,,,,LDLR,,,KCNMB3,,,,,,,,,,GNG8,GNG2,,,,LIG4,,,,,,RFC5,,HIST1H2BC,,,,,PTK2,,,,,,,,,,,,PSMD2,,,,,GPR119,,,,,,,RPA2,,,,,,,,,,,,,,,,SLC2A8,,LARS,HARS2,,,GNB2,GNB2,,,,AMACR,,,PLXNB3,AP1S3,,LIMK2,CPT1A,,ACTN1
,,,,,,,,,,,,,,MAP3K7,,ATP6V1H,,SLC11A2,AKT1,MAPK1,,,,,KIF15,PSMA4,,,,,,,OPRM1,OCLN,,ANAPC1,,ANAPC2,PSMA2,,,POLD1,,,,ATP5I,,,,,,,,,RPA1,,,,,,RIPK2,OGDH,,,,CYP17A1,,,CYP2C18,,,,,RPA1,,,,BSG,,,ATP6V1B2,,FEN1,TREX1,,,,,,PSMB8,,POLR2G,,,,,,,TLR7,,,,,MAPKAPK2,XRN1,,,,,,PSMA2,,MCCC1,,,,,RPA3,,,,,ACSL3,,,,APBB1IP,,,,,ALG10B,,,,,,,,,LSM4,,,,,,,,,,,,,,,ANAPC2,,,,,,,CAB39L,,,SLC25A11,,,PHKA1,PSMA2,,,,CDC26,SLC6A20,,,,,,,,,,,,,,APOA5,,,PDE6B,,,,,,,,,,GNGT2,GNG13,,,,NR3C1,,,,,,POLD1,,H2AFB1,,,,,ITGB3,,,,,,,,,,,,PSMA2,,,,,PAX6,,,,,,,RPA3,,,,,,,,,,,,,,,,SLC2A6,,MARS,WARS2,,,GNB1,GNB1,,,,HSD17B4,,,SEMA6A,VAMP8,,MYL9,RPTOR,,ACTN2
,,,,,,,,,,,,,,,,TF,,,EXOSC5,TGFB1,,,,,CASP9,PSMB8,,,,,,,GNAZ,TJP1,,CDC27,,ANAPC5,PSMD6,,,POLD4,,,,ATP5H,,,,,,,,,RAD23B,,,,,,IKBKG,DLST,,,,CYP19A1,,,,,,,,RAD23B,,,,SLC7A8,,,ATP6V1D,,DNA2,ATM,,,,,,PSMC6,,XAB2,,,,,,,MYD88,,,,,ZFP36L1,DCP1A,,,,,,PSMD6,,HIBCH,,,,,POLE,,,,,ACSL1,,,,EPO,,,,,ALG10,,,,,,,,,,,,,,,,,,,,,,,,ANAPC5,,,,,,,ACACB,,,FBP1,,,PYGL,PSMD6,,,,CDC16,SLC6A18,,,,,,,,,,,,,,APOA4,,,PDE6G,,,,,,,,,,GNG10,GNG4,,,,DCLRE1C,,,,,,POLD4,,HIST1H2AB,,,,,VWF,,,,,,,,,,,,PSMD6,,,,,,,,,,,,POLE,,,,,,,,,,,,,,,,SLC2A12,,DARS,YARS2,,,GNGT1,GNGT1,,,,ABCB11,,,PLXND1,VAMP7,,MYL12B,PDCD4,,ACTN3
,,,,,,,,,,,,,,,,STEAP3,,,DIS3,ACVRL1,,,,,,PSMC6,,,,,,,GNG7,TJP2,,ANAPC2,,CDC23,PSMB1,,,,,,,ATP5G1,,,,,,,,,ERCC4,,,,,,IRAK2,SUCLG2,,,,,,,,,,,,ERCC4,,,,SLC3A2,,,ATP6V1E2,,,,,,,,,PSMD13,,ERCC8,,,,,,,IRAK1,,,,,XRN1,YWHAB,,,,,,PSMB1,,ACAD8,,,,,POLE2,,,,,,,,,ITGA2B,,,,,,,,,,,,,,,,,,,,,,,,,,,,,CDC23,,,,,,,,,,SLC25A1,,,AGL,PSMB1,,,,ANAPC1,SLC6A19,,,,,,,,,,,,,,RPS6KA5,,,PDE5A,,,,,,,,,,GNG11,GNG3,,,,POLL,,,,,,,,TERF2,,,,,RAP1B,,,,,,,,,,,,PSMB1,,,,,,,,,,,,POLE2,,,,,,,,,,,,,,,,SLC2A10,,FARSB,SARS2,,,GNB3,GNB3,,,,ACOX2,,,SEMA3E,CTSZ,,ARHGEF12,EIF4A1,,DES
,,,,,,,,,,,,,,,,ATP6V1B2,,,YWHAZ,TGFBR2,,,,,,PSMD13,,,,,,,GNG5,DUSP4,,ANAPC5,,MAD2L1,PSMA4,,,,,,,,,,,,,,,,ERCC1,,,,,,NOD1,SUCLG1,,,,,,,,,,,,ERCC1,,,,SLC16A8,,,ATP6V1C2,,,,,,,,,PSMD3,,POLR2J,,,,,,,BMP7,,,,,DCP1A,TNPO1,,,,,,PSMA4,,ALDH6A1,,,,,,,,,,,,,,PTK2,,,,,,,,,,,,,,,,,,,,,,,,,,,,,MAD2L1,,,,,,,,,,PCK2,,,PHKG2,PSMA4,,,,CDC27,SLC6A14,,,,,,,,,,,,,,APOC3,,,PDE6A,,,,,,,,,,GNB4,GNB2,,,,,,,,,,,,POT1,,,,,BCAR1,,,,,,,,,,,,PSMA4,,,,,,,,,,,,,,,,,,,,,,,,,,,,,,FARSA,TARS2,,,KCNJ10,KCNJ10,,,,,,,SEMA4A,SH3GL2,,ARHGEF11,MLST8,,TTN
,,,,,,,,,,,,,,,,ATP6V1D,,,EXOSC2,SMAD9,,,,,,PSMD3,,,,,,,GNG2,MYL2,,CDC23,,BUB3,PSMB8,,,,,,,,,,,,,,,,XPA,,,,,,NOD2,SUCLA2,,,,,,,,,,,,XPA,,,,ITGB1,,,ATP6V1B1,,,,,,,,,PSMB3,,POLR2A,,,,,,,PPM1A,,,,,YWHAB,ZFP36,,,,,,PSMB8,,HIBADH,,,,,,,,,,,,,,ITGB3,,,,,,,,,,,,,,,,,,,,,,,,,,,,,BUB3,,,,,,,,,,PCK1,,,,PSMB8,,,,ANAPC2,SLC6A9,,,,,,,,,,,,,,LIPC,,,PDE9A,,,,,,,,,,GNG7,GNB1,,,,,,,,,,,,ACD,,,,,CRK,,,,,,,,,,,,PSMB8,,,,,,,,,,,,,,,,,,,,,,,,,,,,,,SARS,FARS2,,,KCNJ12,KCNJ12,,,,,,,,M6PR,,NR1I3,ACACA,,ACTN4
,,,,,,,,,,,,,,,,ATP6V1E2,,,,SMAD5,,,,,,PSMB3,,,,,,,GNG13,DUSP8,,,,BUB1B,PSMC6,,,,,,,,,,,,,,,,ERCC5,,,,,,,IDH3G,,,,,,,,,,,,ERCC5,,,,PPIL2,,,ATP6V0D2,,,,,,,,,PSMB10,,POLR2C,,,,,,,SMAD6,,,,,,,,,,,,PSMC6,,,,,,,,,,,,,,,,VWF,,,,,,,,,,,,,,,,,,,,,,,,,,,,,BUB1B,,,,,,,,,,PARK2,,,,PSMC6,,,,ANAPC5,SLC6A2,,,,,,,,,,,,,,LDLRAP1,,,PDE10A,,,,,,,,,,GNG5,GNGT1,,,,,,,,,,,,TINF2,,,,,,,,,,,,,,,,,PSMC6,,,,,,,,,,,,,,,,,,,,,,,,,,,,,,TARS,PARS2,,,KCNJ2,KCNJ2,,,,,,,,GNS,,RAC2,MTOR,,MYH6
,,,,,,,,,,,,,,,,ATP6V1C2,,,,CSNK2B,,,,,,NQO1,,,,,,,GNG4,,,,,,PSMD13,,,,,,,,,,,,,,,,RPA2,,,,,,,IDH3B,,,,,,,,,,,,RPA2,,,,SPN,,,ATP6V0E1,,,,,,,,,PSME3,,POLR2H,,,,,,,GSK3B,,,,,,,,,,,,PSMD13,,,,,,,,,,,,,,,,RAP1B,,,,,,,,,,,,,,,,,,,,,,,,,,,,,,,,,,,,,,,ENO2,,,,PSMD13,,,,CDC23,SLC6A5,,,,,,,,,,,,,,SDC1,,,PDE3A,,,,,,,,,,GNG2,GNB5,,,,,,,,,,,,TERF1,,,,,,,,,,,,,,,,,PSMD13,,,,,,,,,,,,,,,,,,,,,,,,,,,,,,NARS,LARS2,,,KCNJ9,KCNJ9,,,,,,,,DNASE2,,MYL6,,,TNNT1
,,,,,,,,,,,,,,,,ATP6V1B1,,,,NUP214,,,,,,PSMB10,,,,,,,GNG3,,,,,,PSMD3,,,,,,,,,,,,,,,,RPA3,,,,,,,,,,,,,,,,,,,RPA3,,,,ATP1B1,,,ATP6V0E2,,,,,,,,,PSMB5,,ERCC6,,,,,,,BMP2,,,,,,,,,,,,PSMD3,,,,,,,,,,,,,,,,,,,,,,,,,,,,,,,,,,,,,,,,,,,,,,,,,,,,,,,ENO1,,,,PSMD3,,,,MAD2L1,SLC6A3,,,,,,,,,,,,,,,,,MRVI1,,,,,,,,,,GNG13,GNB3,,,,,,,,,,,,TERF2IP,,,,,,,,,,,,,,,,,PSMD3,,,,,,,,,,,,,,,,,,,,,,,,,,,,,,CARS,MARS2,,,KCNJ16,KCNJ16,,,,,,,,VAMP2,,ROCK2,,,TNNI3
,,,,,,,,,,,,,,,,ATP6V0D2,,,,SMAD7,,,,,,PSME3,,,,,,,GNB2,,,,,,PSMB3,,,,,,,,,,,,,,,,,,,,,,,,,,,,,,,,,,,,,,,ATP1B2,,,ATP6V1E1,,,,,,,,,PSME2,,TCEA1,,,,,,,CHRDL1,,,,,,,,,,,,PSMB3,,,,,,,,,,,,,,,,,,,,,,,,,,,,,,,,,,,,,,,,,,,,,,,,,,,,,,,PGK1,,,,PSMB3,,,,BUB3,SLC18A2,,,,,,,,,,,,,,,,,PDE11A,,,,,,,,,,GNG4,P2RY12,,,,,,,,,,,,HIST1H2BM,,,,,,,,,,,,,,,,,PSMB3,,,,,,,,,,,,,,,,,,,,,,,,,,,,,,GARS,VARS2,,,KCNJ4,KCNJ4,,,,,,,,DNM2,,MYH14,,,TNNT2
,,,,,,,,,,,,,,,,ATP6V0E1,,,,TGFBR1,,,,,,PSMB5,,,,,,,GNB1,,,,,,PSMB10,,,,,,,,,,,,,,,,,,,,,,,,,,,,,,,,,,,,,,,MAG,,,ATP6V1G1,,,,,,,,,PSMB6,,POLR2F,,,,,,,NOG,,,,,,,,,,,,PSMB10,,,,,,,,,,,,,,,,,,,,,,,,,,,,,,,,,,,,,,,,,,,,,,,,,,,,,,,GAPDHS,,,,PSMB10,,,,BUB1B,SLC6A6,,,,,,,,,,,,,,,,,,,,,,,,,,,GNG3,,,,,,,,,,,,,HIST1H2BB,,,,,,,,,,,,,,,,,PSMB10,,,,,,,,,,,,,,,,,,,,,,,,,,,,,,HARS,,,,KCNJ6,KCNJ6,,,,,,,,AP1B1,,MYH10,,,TNNT3
,,,,,,,,,,,,,,,,ATP6V0E2,,,,NUP153,,,,,,PSME2,,,,,,,GNGT1,,,,,,PSME3,,,,,,,,,,,,,,,,,,,,,,,,,,,,,,,,,,,,,,,ATP1B3,,,TCIRG1,,,,,,,,,PSMF1,,POLR2K,,,,,,,BMPR1A,,,,,,,,,,,,PSME3,,,,,,,,,,,,,,,,,,,,,,,,,,,,,,,,,,,,,,,,,,,,,,,,,,,,,,,PGAM1,,,,PSME3,,,,NEK2,SLC6A7,,,,,,,,,,,,,,,,,,,,,,,,,,,GNB2,,,,,,,,,,,,,HIST1H2BL,,,,,,,,,,,,,,,,,PSME3,,,,,,,,,,,,,,,,,,,,,,,,,,,,,,WARS,,,,KCNJ3,KCNJ3,,,,,,,,AP1G1,,RHOB,,,TMOD1
,,,,,,,,,,,,,,,,ATP6V1E1,,,,PPP1CA,,,,,,PSMB6,,,,,,,GNB5,,,,,,PSMB5,,,,,,,,,,,,,,,,,,,,,,,,,,,,,,,,,,,,,,,ITGA3,,,INS,,,,,,,,,PSMB4,,POLR2I,,,,,,,BMPR1B,,,,,,,,,,,,PSMB5,,,,,,,,,,,,,,,,,,,,,,,,,,,,,,,,,,,,,,,,,,,,,,,,,,,,,,,ALDOC,,,,PSMB5,,,,,,,,,,,,,,,,,,,,,,,,,,,,,,,,GNB1,,,,,,,,,,,,,HIST1H2BN,,,,,,,,,,,,,,,,,PSMB5,,,,,,,,,,,,,,,,,,,,,,,,,,,,,,YARS,,,,KCNJ5,KCNJ5,,,,,,,,ARF1,,RHOG,,,MYH8
,,,,,,,,,,,,,,,,ATP6V1G1,,,,SMAD4,,,,,,PSMF1,,,,,,,PLCE1,,,,,,PSME2,,,,,,,,,,,,,,,,,,,,,,,,,,,,,,,,,,,,,,,ITGA6,,,INSR,,,,,,,,,PSMB11,,POLR2D,,,,,,,ZFYVE16,,,,,,,,,,,,PSME2,,,,,,,,,,,,,,,,,,,,,,,,,,,,,,,,,,,,,,,,,,,,,,,,,,,,,,,ALDOB,,,,PSME2,,,,,,,,,,,,,,,,,,,,,,,,,,,,,,,,GNGT1,,,,,,,,,,,,,HIST2H2BE,,,,,,,,,,,,,,,,,PSME2,,,,,,,,,,,,,,,,,,,,,,,,,,,,,,,,,,KCNJ15,KCNJ15,,,,,,,,,,ROCK1,,,MYL1
,,,,,,,,,,,,,,,,TFRC,,,,ACVR1,,,,,,PSMB4,,,,,,,GNB3,,,,,,PSMB6,,,,,,,,,,,,,,,,,,,,,,,,,,,,,,,,,,,,,,,,,,,,,,,,,,,PSMD1,,POLR2E,,,,,,,FST,,,,,,,,,,,,PSMB6,,,,,,,,,,,,,,,,,,,,,,,,,,,,,,,,,,,,,,,,,,,,,,,,,,,,,,,GAPDH,,,,PSMB6,,,,,,,,,,,,,,,,,,,,,,,,,,,,,,,,GNB5,,,,,,,,,,,,,HIST1H2BJ,,,,,,,,,,,,,,,,,PSMB6,,,,,,,,,,,,,,,,,,,,,,,,,,,,,,,,,,,,,,,,,,,,,RHOC,,,MYBPC3
,,,,,,,,,,,,,,,,TCIRG1,,,,CAV1,,,,,,OAZ2,,,,,,,GNAT3,,,,,,PSMF1,,,,,,,,,,,,,,,,,,,,,,,,,,,,,,,,,,,,,,,,,,,,,,,,,,,PSMB9,,POLR2L,,,,,,,PPP1R15A,,,,,,,,,,,,PSMF1,,,,,,,,,,,,,,,,,,,,,,,,,,,,,,,,,,,,,,,,,,,,,,,,,,,,,,,TPI1,,,,PSMF1,,,,,,,,,,,,,,,,,,,,,,,,,,,,,,,,GNB3,,,,,,,,,,,,,HIST1H2BH,,,,,,,,,,,,,,,,,PSMF1,,,,,,,,,,,,,,,,,,,,,,,,,,,,,,,,,,,,,,,,,,,,,MYH11,,,MYBPC2
,,,,,,,,,,,,,,,,,,,,ARRB2,,,,,,OAZ1,,,,,,,GNAT1,,,,,,PSMB4,,,,,,,,,,,,,,,,,,,,,,,,,,,,,,,,,,,,,,,,,,,,,,,,,,,PSMA1,,POLR2B,,,,,,,SMURF2,,,,,,,,,,,,PSMB4,,,,,,,,,,,,,,,,,,,,,,,,,,,,,,,,,,,,,,,,,,,,,,,,,,,,,,,SNCA,,,,PSMB4,,,,,,,,,,,,,,,,,,,,,,,,,,,,,,,,F2,,,,,,,,,,,,,HIST1H2BO,,,,,,,,,,,,,,,,,PSMB4,,,,,,,,,,,,,,,,,,,,,,,,,,,,,,,,,,,,,,,,,,,,,MYH9,,,MYBPC1
,,,,,,,,,,,,,,,,,,,,MAPK3,,,,,,AZIN1,,,,,,,GNAT2,,,,,,PSMB11,,,,,,,,,,,,,,,,,,,,,,,,,,,,,,,,,,,,,,,,,,,,,,,,,,,PSMD7,,,,,,,,,CER1,,,,,,,,,,,,PSMB11,,,,,,,,,,,,,,,,,,,,,,,,,,,,,,,,,,,,,,,,,,,,,,,,,,,,,,,PRKACG,,,,PSMB11,,,,,,,,,,,,,,,,,,,,,,,,,,,,,,,,GNA15,,,,,,,,,,,,,H2BFS,,,,,,,,,,,,,,,,,PSMB11,,,,,,,,,,,,,,,,,,,,,,,,,,,,,,,,,,,,,,,,,,,,,,,,TCAP
,,,,,,,,,,,,,,,,,,,,ID1,,,,,,OAZ3,,,,,,,,,,,,,PSMD1,,,,,,,,,,,,,,,,,,,,,,,,,,,,,,,,,,,,,,,,,,,,,,,,,,,PSMD8,,,,,,,,,XIAP,,,,,,,,,,,,PSMD1,,,,,,,,,,,,,,,,,,,,,,,,,,,,,,,,,,,,,,,,,,,,,,,,,,,,,,,PRKACB,,,,PSMD1,,,,,,,,,,,,,,,,,,,,,,,,,,,,,,,,F2R,,,,,,,,,,,,,HIST2H2AC,,,,,,,,,,,,,,,,,PSMD1,,,,,,,,,,,,,,,,,,,,,,,,,,,,,,,,,,,,,,,,,,,,,,,,VIM
,,,,,,,,,,,,,,,,,,,,NUP62,,,,,,PSMB11,,,,,,,,,,,,,PSMB9,,,,,,,,,,,,,,,,,,,,,,,,,,,,,,,,,,,,,,,,,,,,,,,,,,,PSMD4,,,,,,,,,BAMBI,,,,,,,,,,,,PSMB9,,,,,,,,,,,,,,,,,,,,,,,,,,,,,,,,,,,,,,,,,,,,,,,,,,,,,,,PFKFB1,,,,PSMB9,,,,,,,,,,,,,,,,,,,,,,,,,,,,,,,,F2RL2,,,,,,,,,,,,,H2AFX,,,,,,,,,,,,,,,,,PSMB9,,,,,,,,,,,,,,,,,,,,,,,,,,,,,,,,,,,,,,,,,,,,,,,,MYH3
,,,,,,,,,,,,,,,,,,,,INHBA,,,,,,PSMD1,,,,,,,,,,,,,PSMA1,,,,,,,,,,,,,,,,,,,,,,,,,,,,,,,,,,,,,,,,,,,,,,,,,,,PSME4,,,,,,,,,BMP4,,,,,,,,,,,,PSMA1,,,,,,,,,,,,,,,,,,,,,,,,,,,,,,,,,,,,,,,,,,,,,,,,,,,,,,,GPI,,,,PSMA1,,,,,,,,,,,,,,,,,,,,,,,,,,,,,,,,GNAQ,,,,,,,,,,,,,,,,,,,,,,,,,,,,,,PSMA1,,,,,,,,,,,,,,,,,,,,,,,,,,,,,,,,,,,,,,,,,,,,,,,,GTF3A
,,,,,,,,,,,,,,,,,,,,,,,,,,PSMB9,,,,,,,,,,,,,PSMD7,,,,,,,,,,,,,,,,,,,,,,,,,,,,,,,,,,,,,,,,,,,,,,,,,,,PSMA7,,,,,,,,,CTDSP2,,,,,,,,,,,,PSMD7,,,,,,,,,,,,,,,,,,,,,,,,,,,,,,,,,,,,,,,,,,,,,,,,,,,,,,,PGAM2,,,,PSMD7,,,,,,,,,,,,,,,,,,,,,,,,,,,,,,,,GNA13,,,,,,,,,,,,,,,,,,,,,,,,,,,,,,PSMD7,,,,,,,,,,,,,,,,,,,,,,,,,,,,,,,,,,,,,,,,,,,,,,,,MYL4
,,,,,,,,,,,,,,,,,,,,,,,,,,PSMA1,,,,,,,,,,,,,PSMD8,,,,,,,,,,,,,,,,,,,,,,,,,,,,,,,,,,,,,,,,,,,,,,,,,,,PSMC3,,,,,,,,,CHRD,,,,,,,,,,,,PSMD8,,,,,,,,,,,,,,,,,,,,,,,,,,,,,,,,,,,,,,,,,,,,,,,,,,,,,,,,,,,PSMD8,,,,,,,,,,,,,,,,,,,,,,,,,,,,,,,,GNA14,,,,,,,,,,,,,,,,,,,,,,,,,,,,,,PSMD8,,,,,,,,,,,,,,,,,,,,,,,,,,,,,,,,,,,,,,,,,,,,,,,,MYL3
,,,,,,,,,,,,,,,,,,,,,,,,,,PSMD7,,,,,,,,,,,,,PSMD4,,,,,,,,,,,,,,,,,,,,,,,,,,,,,,,,,,,,,,,,,,,,,,,,,,,PSMD10,,,,,,,,,CTDSPL,,,,,,,,,,,,PSMD4,,,,,,,,,,,,,,,,,,,,,,,,,,,,,,,,,,,,,,,,,,,,,,,,,,,,,,,,,,,PSMD4,,,,,,,,,,,,,,,,,,,,,,,,,,,,,,,,GNA11,,,,,,,,,,,,,,,,,,,,,,,,,,,,,,PSMD4,,,,,,,,,,,,,,,,,,,,,,,,,,,,,,,,,,,,,,,,,,,,,,,,
,,,,,,,,,,,,,,,,,,,,,,,,,,PSMD8,,,,,,,,,,,,,PSME4,,,,,,,,,,,,,,,,,,,,,,,,,,,,,,,,,,,,,,,,,,,,,,,,,,,PSMD9,,,,,,,,,SKI,,,,,,,,,,,,PSME4,,,,,,,,,,,,,,,,,,,,,,,,,,,,,,,,,,,,,,,,,,,,,,,,,,,,,,,,,,,PSME4,,,,,,,,,,,,,,,,,,,,,,,,,,,,,,,,GNA12,,,,,,,,,,,,,,,,,,,,,,,,,,,,,,PSME4,,,,,,,,,,,,,,,,,,,,,,,,,,,,,,,,,,,,,,,,,,,,,,,,
,,,,,,,,,,,,,,,,,,,,,,,,,,PSMD4,,,,,,,,,,,,,PSMA7,,,,,,,,,,,,,,,,,,,,,,,,,,,,,,,,,,,,,,,,,,,,,,,,,,,PSMA5,,,,,,,,,RGMA,,,,,,,,,,,,PSMA7,,,,,,,,,,,,,,,,,,,,,,,,,,,,,,,,,,,,,,,,,,,,,,,,,,,,,,,,,,,PSMA7,,,,,,,,,,,,,,,,,,,,,,,,,,,,,,,,F2RL3,,,,,,,,,,,,,,,,,,,,,,,,,,,,,,PSMA7,,,,,,,,,,,,,,,,,,,,,,,,,,,,,,,,,,,,,,,,,,,,,,,,
,,,,,,,,,,,,,,,,,,,,,,,,,,PSME4,,,,,,,,,,,,,PSMC3,,,,,,,,,,,,,,,,,,,,,,,,,,,,,,,,,,,,,,,,,,,,,,,,,,,PSMB2,,,,,,,,,HFE2,,,,,,,,,,,,PSMC3,,,,,,,,,,,,,,,,,,,,,,,,,,,,,,,,,,,,,,,,,,,,,,,,,,,,,,,,,,,PSMC3,,,,,,,,,,,,,,,,,,,,,,,,,,,,,,,,ARRB1,,,,,,,,,,,,,,,,,,,,,,,,,,,,,,PSMC3,,,,,,,,,,,,,,,,,,,,,,,,,,,,,,,,,,,,,,,,,,,,,,,,
,,,,,,,,,,,,,,,,,,,,,,,,,,PSMA7,,,,,,,,,,,,,PSMD10,,,,,,,,,,,,,,,,,,,,,,,,,,,,,,,,,,,,,,,,,,,,,,,,,,,PSME1,,,,,,,,,RGMB,,,,,,,,,,,,PSMD10,,,,,,,,,,,,,,,,,,,,,,,,,,,,,,,,,,,,,,,,,,,,,,,,,,,,,,,,,,,PSMD10,,,,,,,,,,,,,,,,,,,,,,,,,,,,,,,,,,,,,,,,,,,,,,,,,,,,,,,,,,,,,,PSMD10,,,,,,,,,,,,,,,,,,,,,,,,,,,,,,,,,,,,,,,,,,,,,,,,
,,,,,,,,,,,,,,,,,,,,,,,,,,PSMC3,,,,,,,,,,,,,PSMD9,,,,,,,,,,,,,,,,,,,,,,,,,,,,,,,,,,,,,,,,,,,,,,,,,,,PSMA8,,,,,,,,,BMP6,,,,,,,,,,,,PSMD9,,,,,,,,,,,,,,,,,,,,,,,,,,,,,,,,,,,,,,,,,,,,,,,,,,,,,,,,,,,PSMD9,,,,,,,,,,,,,,,,,,,,,,,,,,,,,,,,,,,,,,,,,,,,,,,,,,,,,,,,,,,,,,PSMD9,,,,,,,,,,,,,,,,,,,,,,,,,,,,,,,,,,,,,,,,,,,,,,,,
,,,,,,,,,,,,,,,,,,,,,,,,,,PSMD10,,,,,,,,,,,,,PSMA5,,,,,,,,,,,,,,,,,,,,,,,,,,,,,,,,,,,,,,,,,,,,,,,,,,,PSMD14,,,,,,,,,SOSTDC1,,,,,,,,,,,,PSMA5,,,,,,,,,,,,,,,,,,,,,,,,,,,,,,,,,,,,,,,,,,,,,,,,,,,,,,,,,,,PSMA5,,,,,,,,,,,,,,,,,,,,,,,,,,,,,,,,,,,,,,,,,,,,,,,,,,,,,,,,,,,,,,PSMA5,,,,,,,,,,,,,,,,,,,,,,,,,,,,,,,,,,,,,,,,,,,,,,,,
,,,,,,,,,,,,,,,,,,,,,,,,,,PSMD9,,,,,,,,,,,,,PSMB2,,,,,,,,,,,,,,,,,,,,,,,,,,,,,,,,,,,,,,,,,,,,,,,,,,,PSMC1,,,,,,,,,AHSG,,,,,,,,,,,,PSMB2,,,,,,,,,,,,,,,,,,,,,,,,,,,,,,,,,,,,,,,,,,,,,,,,,,,,,,,,,,,PSMB2,,,,,,,,,,,,,,,,,,,,,,,,,,,,,,,,,,,,,,,,,,,,,,,,,,,,,,,,,,,,,,PSMB2,,,,,,,,,,,,,,,,,,,,,,,,,,,,,,,,,,,,,,,,,,,,,,,,
,,,,,,,,,,,,,,,,,,,,,,,,,,PSMA5,,,,,,,,,,,,,PSME1,,,,,,,,,,,,,,,,,,,,,,,,,,,,,,,,,,,,,,,,,,,,,,,,,,,PSMD11,,,,,,,,,GREM1,,,,,,,,,,,,PSME1,,,,,,,,,,,,,,,,,,,,,,,,,,,,,,,,,,,,,,,,,,,,,,,,,,,,,,,,,,,PSME1,,,,,,,,,,,,,,,,,,,,,,,,,,,,,,,,,,,,,,,,,,,,,,,,,,,,,,,,,,,,,,PSME1,,,,,,,,,,,,,,,,,,,,,,,,,,,,,,,,,,,,,,,,,,,,,,,,
,,,,,,,,,,,,,,,,,,,,,,,,,,PSMB2,,,,,,,,,,,,,PSMA8,,,,,,,,,,,,,,,,,,,,,,,,,,,,,,,,,,,,,,,,,,,,,,,,,,,PSMC2,,,,,,,,,CTDSP1,,,,,,,,,,,,PSMA8,,,,,,,,,,,,,,,,,,,,,,,,,,,,,,,,,,,,,,,,,,,,,,,,,,,,,,,,,,,PSMA8,,,,,,,,,,,,,,,,,,,,,,,,,,,,,,,,,,,,,,,,,,,,,,,,,,,,,,,,,,,,,,PSMA8,,,,,,,,,,,,,,,,,,,,,,,,,,,,,,,,,,,,,,,,,,,,,,,,
,,,,,,,,,,,,,,,,,,,,,,,,,,PSME1,,,,,,,,,,,,,PSMD14,,,,,,,,,,,,,,,,,,,,,,,,,,,,,,,,,,,,,,,,,,,,,,,,,,,MRC2,,,,,,,,,SMURF1,,,,,,,,,,,,PSMD14,,,,,,,,,,,,,,,,,,,,,,,,,,,,,,,,,,,,,,,,,,,,,,,,,,,,,,,,,,,PSMD14,,,,,,,,,,,,,,,,,,,,,,,,,,,,,,,,,,,,,,,,,,,,,,,,,,,,,,,,,,,,,,PSMD14,,,,,,,,,,,,,,,,,,,,,,,,,,,,,,,,,,,,,,,,,,,,,,,,
,,,,,,,,,,,,,,,,,,,,,,,,,,PSMA8,,,,,,,,,,,,,PSMC1,,,,,,,,,,,,,,,,,,,,,,,,,,,,,,,,,,,,,,,,,,,,,,,,,,,FCGR1B,,,,,,,,,,,,,,,,,,,,,PSMC1,,,,,,,,,,,,,,,,,,,,,,,,,,,,,,,,,,,,,,,,,,,,,,,,,,,,,,,,,,,PSMC1,,,,,,,,,,,,,,,,,,,,,,,,,,,,,,,,,,,,,,,,,,,,,,,,,,,,,,,,,,,,,,PSMC1,,,,,,,,,,,,,,,,,,,,,,,,,,,,,,,,,,,,,,,,,,,,,,,,
,,,,,,,,,,,,,,,,,,,,,,,,,,PSMD14,,,,,,,,,,,,,PSMD11,,,,,,,,,,,,,,,,,,,,,,,,,,,,,,,,,,,,,,,,,,,,,,,,,,,FCGR1A,,,,,,,,,,,,,,,,,,,,,PSMD11,,,,,,,,,,,,,,,,,,,,,,,,,,,,,,,,,,,,,,,,,,,,,,,,,,,,,,,,,,,PSMD11,,,,,,,,,,,,,,,,,,,,,,,,,,,,,,,,,,,,,,,,,,,,,,,,,,,,,,,,,,,,,,PSMD11,,,,,,,,,,,,,,,,,,,,,,,,,,,,,,,,,,,,,,,,,,,,,,,,
,,,,,,,,,,,,,,,,,,,,,,,,,,PSMC1,,,,,,,,,,,,,PSMC2,,,,,,,,,,,,,,,,,,,,,,,,,,,,,,,,,,,,,,,,,,,,,,,,,,,CD207,,,,,,,,,,,,,,,,,,,,,PSMC2,,,,,,,,,,,,,,,,,,,,,,,,,,,,,,,,,,,,,,,,,,,,,,,,,,,,,,,,,,,PSMC2,,,,,,,,,,,,,,,,,,,,,,,,,,,,,,,,,,,,,,,,,,,,,,,,,,,,,,,,,,,,,,PSMC2,,,,,,,,,,,,,,,,,,,,,,,,,,,,,,,,,,,,,,,,,,,,,,,,
,,,,,,,,,,,,,,,,,,,,,,,,,,PSMD11,,,,,,,,,,,,,ANAPC10,,,,,,,,,,,,,,,,,,,,,,,,,,,,,,,,,,,,,,,,,,,,,,,,,,,MRC1,,,,,,,,,,,,,,,,,,,,,ANAPC10,,,,,,,,,,,,,,,,,,,,,,,,,,,,,,,,,,,,,,,,,,,,,,,,,,,,,,,,,,,ANAPC10,,,,,,,,,,,,,,,,,,,,,,,,,,,,,,,,,,,,,,,,,,,,,,,,,,,,,,,,,,,,,,CDC20,,,,,,,,,,,,,,,,,,,,,,,,,,,,,,,,,,,,,,,,,,,,,,,,
,,,,,,,,,,,,,,,,,,,,,,,,,,PSMC2,,,,,,,,,,,,,UBE2D1,,,,,,,,,,,,,,,,,,,,,,,,,,,,,,,,,,,,,,,,,,,,,,,,,,,,,,,,,,,,,,,,,,,,,,,,UBE2D1,,,,,,,,,,,,,,,,,,,,,,,,,,,,,,,,,,,,,,,,,,,,,,,,,,,,,,,,,,,UBE2D1,,,,,,,,,,,,,,,,,,,,,,,,,,,,,,,,,,,,,,,,,,,,,,,,,,,,,,,,,,,,,,FZR1,,,,,,,,,,,,,,,,,,,,,,,,,,,,,,,,,,,,,,,,,,,,,,,,
,,,,,,,,,,,,,,,,,,,,,,,,,,,,,,,,,,,,,,,ANAPC7,,,,,,,,,,,,,,,,,,,,,,,,,,,,,,,,,,,,,,,,,,,,,,,,,,,,,,,,,,,,,,,,,,,,,,,,CDC20,,,,,,,,,,,,,,,,,,,,,,,,,,,,,,,,,,,,,,,,,,,,,,,,,,,,,,,,,,,CDC20,,,,,,,,,,,,,,,,,,,,,,,,,,,,,,,,,,,,,,,,,,,,,,,,,,,,,,,,,,,,,,FBXO5,,,,,,,,,,,,,,,,,,,,,,,,,,,,,,,,,,,,,,,,,,,,,,,,
,,,,,,,,,,,,,,,,,,,,,,,,,,,,,,,,,,,,,,,ANAPC11,,,,,,,,,,,,,,,,,,,,,,,,,,,,,,,,,,,,,,,,,,,,,,,,,,,,,,,,,,,,,,,,,,,,,,,,ANAPC7,,,,,,,,,,,,,,,,,,,,,,,,,,,,,,,,,,,,,,,,,,,,,,,,,,,,,,,,,,,ANAPC7,,,,,,,,,,,,,,,,,,,,,,,,,,,,,,,,,,,,,,,,,,,,,,,,,,,,,,,,,,,,,,CUL1,,,,,,,,,,,,,,,,,,,,,,,,,,,,,,,,,,,,,,,,,,,,,,,,
,,,,,,,,,,,,,,,,,,,,,,,,,,,,,,,,,,,,,,,FZR1,,,,,,,,,,,,,,,,,,,,,,,,,,,,,,,,,,,,,,,,,,,,,,,,,,,,,,,,,,,,,,,,,,,,,,,,ANAPC11,,,,,,,,,,,,,,,,,,,,,,,,,,,,,,,,,,,,,,,,,,,,,,,,,,,,,,,,,,,ANAPC11,,,,,,,,,,,,,,,,,,,,,,,,,,,,,,,,,,,,,,,,,,,,,,,,,,,,,,,,,,,,,,SKP1,,,,,,,,,,,,,,,,,,,,,,,,,,,,,,,,,,,,,,,,,,,,,,,,
,,,,,,,,,,,,,,,,,,,,,,,,,,,,,,,,,,,,,,,UBE2C,,,,,,,,,,,,,,,,,,,,,,,,,,,,,,,,,,,,,,,,,,,,,,,,,,,,,,,,,,,,,,,,,,,,,,,,UBE2C,,,,,,,,,,,,,,,,,,,,,,,,,,,,,,,,,,,,,,,,,,,,,,,,,,,,,,,,,,,UBE2C,,,,,,,,,,,,,,,,,,,,,,,,,,,,,,,,,,,,,,,,,,,,,,,,,,,,,,,,,,,,,,BTRC,,,,,,,,,,,,,,,,,,,,,,,,,,,,,,,,,,,,,,,,,,,,,,,,
,,,,,,,,,,,,,,,,,,,,,,,,,,,,,,,,,,,,,,,UBE2E1,,,,,,,,,,,,,,,,,,,,,,,,,,,,,,,,,,,,,,,,,,,,,,,,,,,,,,,,,,,,,,,,,,,,,,,,UBE2E1,,,,,,,,,,,,,,,,,,,,,,,,,,,,,,,,,,,,,,,,,,,,,,,,,,,,,,,,,,,UBE2E1,,,,,,,,,,,,,,,,,,,,,,,,,,,,,,,,,,,,,,,,,,,,,,,,,,,,,,,,,,,,,,,,,,,,,,,,,,,,,,,,,,,,,,,,,,,,,,,,,,,,,,,,,,,,,,
,,,,,,,,,,,,,,,,,,,,,,,,,,,,,,,,,,,,,,,ANAPC4,,,,,,,,,,,,,,,,,,,,,,,,,,,,,,,,,,,,,,,,,,,,,,,,,,,,,,,,,,,,,,,,,,,,,,,,ANAPC4,,,,,,,,,,,,,,,,,,,,,,,,,,,,,,,,,,,,,,,,,,,,,,,,,,,,,,,,,,,ANAPC4,,,,,,,,,,,,,,,,,,,,,,,,,,,,,,,,,,,,,,,,,,,,,,,,,,,,,,,,,,,,,,,,,,,,,,,,,,,,,,,,,,,,,,,,,,,,,,,,,,,,,,,,,,,,,,
,,,,,,,,,,,,,,,,,,,,,,,,,,,,,,,,,,,,,,,CDC26,,,,,,,,,,,,,,,,,,,,,,,,,,,,,,,,,,,,,,,,,,,,,,,,,,,,,,,,,,,,,,,,,,,,,,,,CDC26,,,,,,,,,,,,,,,,,,,,,,,,,,,,,,,,,,,,,,,,,,,,,,,,,,,,,,,,,,,CDC26,,,,,,,,,,,,,,,,,,,,,,,,,,,,,,,,,,,,,,,,,,,,,,,,,,,,,,,,,,,,,,,,,,,,,,,,,,,,,,,,,,,,,,,,,,,,,,,,,,,,,,,,,,,,,,
,,,,,,,,,,,,,,,,,,,,,,,,,,,,,,,,,,,,,,,CDC16,,,,,,,,,,,,,,,,,,,,,,,,,,,,,,,,,,,,,,,,,,,,,,,,,,,,,,,,,,,,,,,,,,,,,,,,CDC16,,,,,,,,,,,,,,,,,,,,,,,,,,,,,,,,,,,,,,,,,,,,,,,,,,,,,,,,,,,CDC16,,,,,,,,,,,,,,,,,,,,,,,,,,,,,,,,,,,,,,,,,,,,,,,,,,,,,,,,,,,,,,,,,,,,,,,,,,,,,,,,,,,,,,,,,,,,,,,,,,,,,,,,,,,,,,
,,,,,,,,,,,,,,,,,,,,,,,,,,,,,,,,,,,,,,,ANAPC1,,,,,,,,,,,,,,,,,,,,,,,,,,,,,,,,,,,,,,,,,,,,,,,,,,,,,,,,,,,,,,,,,,,,,,,,ANAPC1,,,,,,,,,,,,,,,,,,,,,,,,,,,,,,,,,,,,,,,,,,,,,,,,,,,,,,,,,,,ANAPC1,,,,,,,,,,,,,,,,,,,,,,,,,,,,,,,,,,,,,,,,,,,,,,,,,,,,,,,,,,,,,,,,,,,,,,,,,,,,,,,,,,,,,,,,,,,,,,,,,,,,,,,,,,,,,,
,,,,,,,,,,,,,,,,,,,,,,,,,,,,,,,,,,,,,,,CDC27,,,,,,,,,,,,,,,,,,,,,,,,,,,,,,,,,,,,,,,,,,,,,,,,,,,,,,,,,,,,,,,,,,,,,,,,CDC27,,,,,,,,,,,,,,,,,,,,,,,,,,,,,,,,,,,,,,,,,,,,,,,,,,,,,,,,,,,CDC27,,,,,,,,,,,,,,,,,,,,,,,,,,,,,,,,,,,,,,,,,,,,,,,,,,,,,,,,,,,,,,,,,,,,,,,,,,,,,,,,,,,,,,,,,,,,,,,,,,,,,,,,,,,,,,
,,,,,,,,,,,,,,,,,,,,,,,,,,,,,,,,,,,,,,,ANAPC2,,,,,,,,,,,,,,,,,,,,,,,,,,,,,,,,,,,,,,,,,,,,,,,,,,,,,,,,,,,,,,,,,,,,,,,,ANAPC2,,,,,,,,,,,,,,,,,,,,,,,,,,,,,,,,,,,,,,,,,,,,,,,,,,,,,,,,,,,ANAPC2,,,,,,,,,,,,,,,,,,,,,,,,,,,,,,,,,,,,,,,,,,,,,,,,,,,,,,,,,,,,,,,,,,,,,,,,,,,,,,,,,,,,,,,,,,,,,,,,,,,,,,,,,,,,,,
,,,,,,,,,,,,,,,,,,,,,,,,,,,,,,,,,,,,,,,ANAPC5,,,,,,,,,,,,,,,,,,,,,,,,,,,,,,,,,,,,,,,,,,,,,,,,,,,,,,,,,,,,,,,,,,,,,,,,ANAPC5,,,,,,,,,,,,,,,,,,,,,,,,,,,,,,,,,,,,,,,,,,,,,,,,,,,,,,,,,,,ANAPC5,,,,,,,,,,,,,,,,,,,,,,,,,,,,,,,,,,,,,,,,,,,,,,,,,,,,,,,,,,,,,,,,,,,,,,,,,,,,,,,,,,,,,,,,,,,,,,,,,,,,,,,,,,,,,,
,,,,,,,,,,,,,,,,,,,,,,,,,,,,,,,,,,,,,,,CDC23,,,,,,,,,,,,,,,,,,,,,,,,,,,,,,,,,,,,,,,,,,,,,,,,,,,,,,,,,,,,,,,,,,,,,,,,CDC23,,,,,,,,,,,,,,,,,,,,,,,,,,,,,,,,,,,,,,,,,,,,,,,,,,,,,,,,,,,CDC23,,,,,,,,,,,,,,,,,,,,,,,,,,,,,,,,,,,,,,,,,,,,,,,,,,,,,,,,,,,,,,,,,,,,,,,,,,,,,,,,,,,,,,,,,,,,,,,,,,,,,,,,,,,,,,
,,,,,,,,,,,,,,,,,,,,,,,,,,,,,,,,,,,,,,,,,,,,,,,,,,,,,,,,,,,,,,,,,,,,,,,,,,,,,,,,,,,,,,,,,,,,,,,,,,,,,,,,,,,,,,,PTTG1,,,,,,,,,,,,,,,,,,,,,,,,,,,,,,,,,,,,,,,,,,,,,,,,,,,,,,,,,,,MAD2L1,,,,,,,,,,,,,,,,,,,,,,,,,,,,,,,,,,,,,,,,,,,,,,,,,,,,,,,,,,,,,,,,,,,,,,,,,,,,,,,,,,,,,,,,,,,,,,,,,,,,,,,,,,,,,,
,,,,,,,,,,,,,,,,,,,,,,,,,,,,,,,,,,,,,,,,,,,,,,,,,,,,,,,,,,,,,,,,,,,,,,,,,,,,,,,,,,,,,,,,,,,,,,,,,,,,,,,,,,,,,,,,,,,,,,,,,,,,,,,,,,,,,,,,,,,,,,,,,,,,,,,,,,,,,,,,,,,,,,,,,,BUB3,,,,,,,,,,,,,,,,,,,,,,,,,,,,,,,,,,,,,,,,,,,,,,,,,,,,,,,,,,,,,,,,,,,,,,,,,,,,,,,,,,,,,,,,,,,,,,,,,,,,,,,,,,,,,,
,,,,,,,,,,,,,,,,,,,,,,,,,,,,,,,,,,,,,,,,,,,,,,,,,,,,,,,,,,,,,,,,,,,,,,,,,,,,,,,,,,,,,,,,,,,,,,,,,,,,,,,,,,,,,,,,,,,,,,,,,,,,,,,,,,,,,,,,,,,,,,,,,,,,,,,,,,,,,,,,,,,,,,,,,,BUB1B,,,,,,,,,,,,,,,,,,,,,,,,,,,,,,,,,,,,,,,,,,,,,,,,,,,,,,,,,,,,,,,,,,,,,,,,,,,,,,,,,,,,,,,,,,,,,,,,,,,,,,,,,,,,,,
,,,,,,,,,,,,,,,,,,,,,,,,,,,,,,,,,,,,,,,,,,,,,,,,,,,,,,,,,,,,,,,,,,,,,,,,,,,,,,,,,,,,,,,,,,,,,,,,,,,,,,,,,,,,,,,,,,,,,,,,,,,,,,,,,,,,,,,,,,,,,,,,,,,,,,,,,,,,,,,,,,,,,,,,,,CCNA1,,,,,,,,,,,,,,,,,,,,,,,,,,,,,,,,,,,,,,,,,,,,,,,,,,,,,,,,,,,,,,,,,,,,,,,,,,,,,,,,,,,,,,,,,,,,,,,,,,,,,,,,,,,,,,
,,,,,,,,,,,,,,,,,,,,,,,,,,,,,,,,,,,,,,,,,,,,,,,,,,,,,,,,,,,,,,,,,,,,,,,,,,,,,,,,,,,,,,,,,,,,,,,,,,,,,,,,,,,,,,,,,,,,,,,,,,,,,,,,,,,,,,,,,,,,,,,,,,,,,,,,,,,,,,,,,,,,,,,,,,CCNA2,,,,,,,,,,,,,,,,,,,,,,,,,,,,,,,,,,,,,,,,,,,,,,,,,,,,,,,,,,,,,,,,,,,,,,,,,,,,,,,,,,,,,,,,,,,,,,,,,,,,,,,,,,,,,,
,,,,,,,,,,,,,,,,,,,,,,,,,,,,,,,,,,,,,,,,,,,,,,,,,,,,,,,,,,,,,,,,,,,,,,,,,,,,,,,,,,,,,,,,,,,,,,,,,,,,,,,,,,,,,,,,,,,,,,,,,,,,,,,,,,,,,,,,,,,,,,,,,,,,,,,,,,,,,,,,,,,,,,,,,,CDK1,,,,,,,,,,,,,,,,,,,,,,,,,,,,,,,,,,,,,,,,,,,,,,,,,,,,,,,,,,,,,,,,,,,,,,,,,,,,,,,,,,,,,,,,,,,,,,,,,,,,,,,,,,,,,,
