HALLMARK_TNFA_SIGNALING_VIA_NFKB,HALLMARK_HYPOXIA,HALLMARK_CHOLESTEROL_HOMEOSTASIS,HALLMARK_MITOTIC_SPINDLE,HALLMARK_WNT_BETA_CATENIN_SIGNALING,HALLMARK_TGF_BETA_SIGNALING,HALLMARK_IL6_JAK_STAT3_SIGNALING,HALLMARK_DNA_REPAIR,HALLMARK_G2M_CHECKPOINT,HALLMARK_APOPTOSIS,HALLMARK_NOTCH_SIGNALING,HALLMARK_ADIPOGENESIS,HALLMARK_ESTROGEN_RESPONSE_EARLY,HALLMARK_ESTROGEN_RESPONSE_LATE,HALLMARK_ANDROGEN_RESPONSE,HALLMARK_MYOGENESIS,HALLMARK_PROTEIN_SECRETION,HALLMARK_INTERFERON_ALPHA_RESPONSE,HALLMARK_INTERFERON_GAMMA_RESPONSE,HALLMARK_APICAL_JUNCTION,HALLMARK_APICAL_SURFACE,HALLMARK_HEDGEHOG_SIGNALING,HALLMARK_COMPLEMENT,HALLMARK_UNFOLDED_PROTEIN_RESPONSE,HALLMARK_PI3K_AKT_MTOR_SIGNALING,HALLMARK_MTORC1_SIGNALING,HALLMARK_E2F_TARGETS,HALLMARK_MYC_TARGETS_V1,HALLMARK_MYC_TARGETS_V2,HALLMARK_EPITHELIAL_MESENCHYMAL_TRANSITION,HALLMARK_INFLAMMATORY_RESPONSE,HALLMARK_XENOBIOTIC_METABOLISM,HALLMARK_FATTY_ACID_METABOLISM,HALLMARK_OXIDATIVE_PHOSPHORYLATION,HALLMARK_GLYCOLYSIS,HALLMARK_REACTIVE_OXYGEN_SPECIES_PATHWAY,HALLMARK_P53_PATHWAY,HALLMARK_UV_RESPONSE_UP,HALLMARK_UV_RESPONSE_DN,HALLMARK_ANGIOGENESIS,HALLMARK_HEME_METABOLISM,HALLMARK_COAGULATION,HALLMARK_IL2_STAT5_SIGNALING,HALLMARK_BILE_ACID_METABOLISM,HALLMARK_PEROXISOME,HALLMARK_ALLOGRAFT_REJECTION,HALLMARK_SPERMATOGENESIS,HALLMARK_KRAS_SIGNALING_UP,HALLMARK_KRAS_SIGNALING_DN,HALLMARK_PANCREAS_BETA_CELLS
JUNB,ATF3,ATF3,MARCKS,JAG1,JUNB,CXCL1,PDE4B,MYC,ATF3,JAG1,GADD45A,EGR3,ZFP36,SGK1,HBEGF,ABCA1,RIPK2,NFKBIA,ICAM1,PLAUR,ETS2,TNFAIP3,ATF3,SQSTM1,PPP1R15A,MYC,MYC,DUSP2,TNFAIP3,NFKBIA,ETS2,G0S2,GPI,IER3,JUNB,ATF3,JUNB,DUSP1,JAG1,BTG2,MAFF,CD83,ABCA1,SOD2,ICAM1,GAPDHS,TNFAIP3,NR4A2,GCK
CXCL2,TNFAIP3,PLAUR,PDLIM5,MYC,PPP1R15A,CXCL3,SAC3D1,MARCKS,IER3,CCND1,PFKFB3,BHLHE40,EGR3,ZBTB10,BHLHE40,EGFR,CXCL10,TNFAIP3,TRAF1,B4GALT1,VEGFA,CXCL1,CCL2,MAP2K3,BTG2,CDKN1A,PGK1,MYC,CXCL1,CCL20,GCH1,ALDOA,LDHA,CD44,SOD2,IER3,CXCL2,F3,VEGFA,MAP2K3,F3,MAFF,PRDX5,PRDX5,IL1B,TKTL1,PTGS2,BTG2,PKLR
ATF3,IER3,JAG1,MYH9,RBPJ,SERPINE1,JUN,TP53,CCND1,BIRC3,HES1,TANK,TIPARP,DUSP2,SAT1,GADD45B,ATP7A,IFIT2,PTGS2,LAMB3,SRPX,VLDLR,MAFF,VEGFA,CDKN1A,BHLHE40,CDKN1B,LDHA,HK2,PLAUR,HBEGF,SERPINE1,LDHA,ECH1,VEGFA,PFKP,HBEGF,ATF3,NFKB1,OLR1,MXI1,SERPINB2,KLF6,SULT2B1,SULT2B1,IL6,SLC2A5,CCL20,SERPINB2,AKT3
NFKBIA,MAFF,NFIL3,ARHGEF2,CTNNB1,ID2,IL1B,POLR2H,SMAD3,JUN,SAP30,STAT5A,CD44,CD44,PMEPA1,CDKN1A,TPD52,IRF1,TNFAIP2,B4GALT1,SHROOM2,MYH9,PLAUR,TUBB2A,PDK1,NFIL3,RACGAP1,YWHAE,TMEM97,JUN,KLF6,ID2,ENO3,LRPPRC,B4GALT1,GLRX,JUN,NFKBIA,BHLHE40,STC1,SLC2A1,SERPINE1,TRAF1,IDI1,FDPS,TNF,LDHC,HBEGF,SGK1,NKX6-1
TNFAIP3,KLF6,PNRC1,CLASP1,GNAI1,IFNGR2,MAP3K8,POLR2A,BCL3,EGR3,PRKCA,ABCA1,MYC,SGK1,B4GALT1,SPHK1,PAM,CXCL11,ICAM1,EGFR,IL2RG,NF1,F3,CEBPB,SLC2A1,NAMPT,KIF2C,CUL1,PLK1,SDC4,PLAUR,KYNU,GAPDHS,RHOT2,IRS2,ERCC2,PPP1R15A,ICAM1,SERPINE1,S100A4,P4HA2,PLAU,MAP3K8,FADS2,IDI1,LIF,KIF2C,BIRC3,SNN,DPP4
PTGS2,PLAUR,LDLR,KIF11,JAG2,PMEPA1,IL6,POLR2G,SAP30,IL1B,NOTCH2,BCL6,FOS,ID2,CCND1,PPFIA4,KIF1B,CSF1,SOD2,SDC3,EFNA5,RASA1,IL6,DDIT4,EGFR,SQSTM1,BIRC5,HDAC2,PLK4,IL6,ICAM1,NINJ1,MIF,POLR2F,PGK1,GPX4,IL1A,SOD2,MYC,LPL,BNIP3L,OLR1,LIF,ABCA2,ECH1,CCL4,TTK,PLAUR,CD80,SRPRB
CXCL1,ZFP36,ALDOC,KIF23,NOTCH1,KLF10,TNF,POLR2E,CDKN1B,SOD2,NOTCH1,GBE1,AREG,BTG3,TNFAIP8,IGFBP3,DST,CCRL2,IL6,TGFBI,HSPB1,OPHN1,EHD1,STC2,CDKN1B,MAP2K3,KIF4A,PCNA,MCM5,PTX3,IL1B,PDLIM5,GRHPR,SURF1,ALDOA,GPX3,BTG2,BTG2,LDLR,JAG2,NR3C1,PLEK,PHLDA1,BCAR3,TOP2A,CCL2,NEK2,IL1B,IL12B,SEC11A
IER3,JUN,PDK3,ALS2,DLL1,TGIF1,CXCL10,POLR2J,MT2A,IL1A,DLL1,PFKL,KLF4,FOS,TSC22D1,PYGM,ARFGEF1,TAP1,NFKB1,MYH9,APP,PTCH1,DUSP5,IGFBP1,DDIT3,CDKN1A,BRCA2,NCBP2,NOLC1,GEM,IL1A,HMOX1,IDI1,GPX4,ENO2,SOD1,LIF,IL6,ATP2B1,CCND2,FOXO3,KLF7,CXCL10,RETSAT,ERCC3,RIPK2,CDK1,PPP1R15A,EDN1,SPCS1
CD83,PPP1R15A,ERRFI1,ARF6,AXIN2,SMAD3,SOCS3,POLR2F,SQLE,BTG2,PSEN2,ALDOA,KLF10,AREG,PDLIM5,STC2,TSG101,IFIH1,GCH1,MVD,BRCA1,HEY2,SERPINB2,KDELR3,CXCR4,LDLR,PLK1,NME1,CDK4,GADD45A,BTG2,IGFBP1,HMGCS1,COX17,HK2,GSR,IER5,NR4A1,SMAD3,PF4,SELENBP1,PDGFB,BHLHE40,SOD1,ERCC1,INHBA,AURKA,TRAF1,CHST2,VDR
CCL20,DUSP1,FDPS,MYO9B,PSEN2,BMP2,CD44,POLR2C,ATF5,IL6,FZD1,PGM1,B4GALT1,KLF4,NDRG1,ENO3,TMED2,ISG20,CCL2,ACTG1,ADIPOR2,HEY1,SERPINE1,HSPA5,TRIB3,SLC2A3,TOP2A,RFC4,SLC19A1,SERPINE1,F3,MT2A,NSDHL,CASP7,MXI1,CAT,TNFSF9,GCH1,PDLIM5,TNFRSF21,CDC27,CLU,NFIL3,FDXR,SMARCC1,CCL5,CCNB2,LIF,EDN2,LMO2
CXCL3,F3,CYP51A1,TUBGCP3,FZD1,CDKN1C,IFNGR2,POLR2K,KIF11,TNF,CUL1,CCNG2,CCND1,CCND1,TPD52,GAA,IGF2R,PLSCR1,RIPK2,GNAI1,ADAM10,CNTFR,CCL5,KIF5B,NCK1,PGK1,SMC3,IMPDH2,MYBBP1A,CXCL6,IL6,GCNT2,HSD17B7,BAX,P4HA1,NQO1,GADD45A,SQSTM1,CITED2,TIMP1,ARHGEF12,LGMN,CD44,LIPE,TSPO,IFNGR2,BUB1,CXCL10,PKP1,ABCC8
MAFF,SDC4,IDI1,CKAP5,NOTCH4,CTNNB1,IRF1,GTF2H3,KIF23,GCH1,KAT2A,ANGPTL4,IL6ST,IL6ST,AKAP12,PPP1R3C,SOD1,IL4R,CXCL10,NF1,IL2RB,PML,KYNU,GEMIN4,TIAM1,PDK1,ESPL1,TYMS,RRP12,CD44,NFKB1,CASP6,ECH1,RETSAT,P4HA2,PRNP,PLK2,BTG3,VLDLR,LUM,EPB41,CD9,MYC,IDH1,BCL10,IL18,STAM2,TRIB1,SYNPO,MAFB
NFKB2,IL6,FDFT1,RACGAP1,LEF1,SPTBN1,CXCL11,POLR2D,RACGAP1,CFLAR,PPARD,PLIN2,HES1,ISG20,IDI1,DTNA,KRT18,IRF9,SOCS3,TSC1,THY1,TLE3,IRF1,NOLC1,CDK1,GBE1,CENPE,DUT,SORD,INHBA,LIF,FBP1,FASN,VDAC2,ENO1,LSP1,BTG1,BTG1,CAV1,PTK2,SDCBP,GSN,TNFRSF9,SCP2,RETSAT,CSF1,RFC4,INHBA,SKIL,HNF1A
TNFAIP2,BHLHE40,DHCR7,PREX1,AXIN1,APC,CSF1,ERCC3,NUMA1,GADD45A,RBX1,SCARB1,SLC2A1,CAV1,HMGCS1,PGAM2,PPT1,STAT2,TNFAIP6,RASA1,TMEM8B,CELSR1,OLR1,CKS1B,ARHGDIA,PFKL,DLGAP5,HPRT1,EXOSC5,ID2,GCH1,SLC6A6,ACAT2,ACAA2,PFKP,ATOX1,CDKN1A,IRF1,ADORA2B,APP,BCAM,FURIN,GADD45B,PHYH,SOD1,TLR2,CDKN3,PLAU,CNTFR,PAX4
HBEGF,NFIL3,SQLE,ARHGEF3,NKD1,NCOR2,TLR2,DDB2,KIF2C,RELA,NOTCH3,SLC25A1,STC2,CA12,SCD,MYH9,DNM1L,IL7,NAMPT,MYH10,CX3CL1,CDK6,CEBPB,DKC1,MAP3K7,ALDOA,CDK1,CCNA2,RRP9,GADD45B,CCL2,ECH1,ODC1,ETFB,AK4,PRDX1,FOS,FOS,NR3C1,SERPINA5,TOP1,LEFTY2,RHOB,EPHX2,ACOX1,CD80,DBF4,ID2,GTF3C5,PAX6
KLF6,SERPINE1,HMGCS1,NUMA1,WNT5B,TGFBR1,CSF2,POLR1C,KIF5B,CD44,APH1A,DHCR7,CA12,BCL2,HMGCR,FDPS,SSPN,CMPK2,CD69,EPB41L2,RHCG,ACHE,PLEK,SLC7A5,PPP1CA,PGM1,KIF22,CDC20,NOP56,VEGFA,RIPK2,TMEM97,RETSAT,ACADM,FAM162A,TXNRD1,NINJ1,RHOB,CDKN1B,ITGAV,E2F2,THBS1,CSF1,CAT,IDH1,IL12B,EZH2,IL7R,BARD1,NEUROD1
BIRC3,TIPARP,NSDHL,SPTBN1,CUL1,SMAD7,IL6ST,XPC,TTK,CD69,FZD7,LPL,BCL2,SCARB1,ADRM1,SCD,GLA,CASP8,CCL5,SHROOM2,MAL,THY1,PIM1,DNAJC3,UBE2D3,HK2,AURKA,MCM6,NPM1,RHOB,TNFSF9,BCAR1,CPT2,IDH1,TPI1,G6PD,KLF4,FOSB,MT1E,COL3A1,ADD1,ITGB3,CSF2,SLC27A2,SCP2,TAP1,SLC12A2,YRDC,EGF,ISL1
PLAUR,FOSL2,LSS,KIF2C,MAML1,TGFB1,IL15RA,PCNA,PAFAH1B1,SQSTM1,DTX1,ECH1,SCARB1,SIAH2,ANKH,CLU,SEC24D,CASP1,BTG1,DLG1,LYPD3,SHH,CP,NABP1,IL2RG,GPI,CCNB2,MAD2L1,HSPE1,AREG,CXCL10,PPARD,CD36,DECR1,LDHA,GCLC,SAT1,IL6ST,ANXA2,VCAN,PPP2R5B,A2M,DENND5A,ABCA3,CRAT,BCL3,NEFH,G0S2,TGFB2,NKX2-2
ZFP36,PNRC1,MVD,KIF5B,KAT2A,SMURF2,HMOX1,POLR2I,KIF15,BTG3,FZD5,PPARG,SIAH2,TPBG,GSR,GSN,LMAN1,TXNIP,CDKN1A,RHOF,PKHD1,NRCAM,PDGFB,PREB,TNFRSF1A,SLC2A1,SMC1A,KPNA2,HSPD1,SAT1,PTGER4,IL1R1,ADIPOR2,PHYH,GYS1,PRDX4,PTPRE,TAP1,PRKCA,VAV2,C3,PF4,SLC2A3,PEX11A,EPHX2,ICOSLG,CCNA1,KLF4,CCNA1,PCSK1
ICAM1,EFNA1,TM7SF2,TTK,WNT6,SMURF1,PIM1,SUPT4H1,BIRC5,GADD45B,MAML2,ITSN1,TPBG,SULT2B1,LIFR,SPTAN1,RPS6KA3,IFITM3,IFIT2,ACTN4,ATP6V0A4,NRP1,HSPA5,DNAJB9,MYD88,P4HA1,SMC4,MCM5,MCM4,PMEPA1,SERPINE1,TNFRSF1A,ACAA2,NDUFAB1,ANGPTL4,PRDX6,RNF19B,BMP2,SDC2,NRP1,MGST3,USP11,BMP2,AR,CAT,EGFR,TALDO1,F2RL1,LFNG,SLC2A2
JUN,PFKFB3,EBP,APC,PTCH1,BMPR2,TNFRSF12A,POLD3,CDC27,MCL1,PSENEN,IFNGR1,TGM2,FDFT1,DNAJB9,BIN1,ARCN1,B2M,IRF1,TAOK2,MDGA1,SCG2,XPNPEP1,XBP1,STAT2,ENO1,LMNB1,MCM2,UNG,TNC,RELA,REG1A,ACOX1,ECHS1,PPFIA4,NDUFS2,DRAM1,ALDOA,PPARG,COL5A2,CAT,CASP9,NDRG1,SLC29A1,PEX14,TPD52,ARL4A,CSF2,CELSR2,DCX
EGR3,BTG1,SCD,CEP250,NCOR2,SKIL,CD9,POLR3GL,KIF4A,CDKN1A,WNT5A,ADCY6,SULT2B1,DHCR7,KRT19,NOTCH1,TMED10,MX1,CXCL11,FSCN1,PCSK9,AMOT,LGALS3,SLC1A4,GRB2,AK4,RFC1,NOLC1,DCTPP1,ENO2,CXCL6,FAS,ACADM,CS,DDIT4,NDUFA6,SPHK1,ENO2,DLG1,FSTL1,RIOK3,TIMP1,HK2,IDH2,SLC27A2,ETS1,HSPA4L,BMP2,KRT13,FOXA2
IL1B,VEGFA,PMVK,PAFAH1B1,DKK4,SKI,TGFB1,POLR3C,BRCA2,IL18,WNT2,GPX4,FDFT1,CD9,SLC26A2,PSEN2,COPB2,ISG15,PDE4B,VCL,EPHB4,UNC5C,ANXA5,WFS1,PTPN11,TPI1,TP53,GSPT1,PA2G4,LOX,TNFAIP6,HPRT1,HADH,GRPEL1,IGFBP3,NDUFB4,TSC22D1,HMOX1,CDC42BPA,POSTN,UCP2,TIMP3,P4HA1,FADS1,PEX11A,NCK1,MAP7,GFPT2,KRT15,INS
BCL2A1,CDKN1A,MVK,CDC42EP2,HDAC2,ACVR1,IL4R,GTF2B,PLK1,IRF1,DTX4,CDKN2C,DHCR7,SEMA3B,KRT8,HDAC5,RAB14,OAS1,DDX58,CDH1,DCBLD2,ADGRG1,PLSCR1,SPCS3,E2F1,LDHA,PCNA,BUB3,TBRG4,IGFBP3,INHBA,CDA,IDH1,UQCR10,CITED2,TXN,TAP1,CDKN1C,RASA2,SPP1,AQP3,MMP2,PLIN2,DHCR24,DHRS3,FLNA,NOS1,ANGPTL4,FGFR3,PDX1
PPP1R15A,FOS,LPL,KIF3B,DKK1,SMAD1,STAT1,POLR1D,NEK2,RHOB,HEYL,GPX3,FASN,FABP5,ABHD2,TGFB1,COPB1,IFIT3,TAP1,TJP1,GHRL,GLI1,CLU,EIF4A2,CDK4,GAPDH,POLD3,TFDP1,CBX3,BGN,MYC,RETSAT,ACADS,ACO2,ISG20,PRDX2,BMP2,CHKA,NOTCH2,MSX1,BLVRB,PLAT,ENO3,ACSL1,ELOVL5,ABI1,LPIN1,IGFBP3,BMPR1B,IAPP
ZC3H12A,ACKR3,SC5D,CCDC88A,TCF7,SMAD6,IL1R1,NCBP2,TOP2A,SAT1,SKP1,RETSAT,SEMA3B,TOP2A,FKBP5,WWTR1,LAMP2,IFI44,IFIH1,GTF2F1,LYN,SLIT1,LGMN,SEC31A,FASLG,DDIT4,LIG1,KPNB1,DDX18,TGFBI,TNFRSF9,TGFB2,DECR1,IDH3G,GALK1,MPO,NDRG1,TUBA4A,SMAD7,VTN,ENDOD1,F2,RRAGD,PFKM,IDH2,CCND2,NF2,CXCR4,ACTC1,SRP9
SOD2,IRS2,FADS2,KIF15,WNT1,FURIN,CSF2RB,NELFE,PRC1,CCND1,TCF7L2,SOD1,FLNB,FLNB,ELOVL5,AK1,COPE,IFI35,IL15RA,MAPK14,GAS1,NRP2,DOCK4,GOSR2,CDK2,STC1,RFC2,SRSF1,SRM,DCN,NAMPT,GSR,ME1,SUCLG1,STC1,GCLM,FAM162A,BCL2L11,BMPR1A,PDGFA,CA2,ANXA1,RORA,ISOC1,FADS1,TGFB1,JAM3,GLRX,MYH7,NEUROG3
NR4A2,SLC2A3,HMGCR,BIRC5,NUMB,FKBP1A,STAT3,GTF2F1,ESPL1,TAP1,ARRB1,PDCD4,TIAM1,TIAM1,RRP12,DMD,AP3S1,IRF7,PFKP,PTK2,FLOT2,TLE1,NOTCH4,IFIT1,SFN,VLDLR,RPA3,CDC45,AIMP2,COL5A1,CD69,CD36,GPD2,CYC1,ZNF292,PDLIM1,DDIT4,FURIN,ID1,LRPAP1,ELL2,C3,PIM1,LCK,DHCR24,MAP3K7,GSTM3,MAP3K1,RYR1,FOXO1
IL1A,PGK1,HSD17B7,CNTROB,ADAM17,MAP3K7,OSMR,ERCC5,INCENP,BMP2,LFNG,FABP4,FARP1,FARP1,HOMER2,GPX3,BET1,RSAD2,ISG20,MMP2,AKAP7,L1CAM,PIK3R5,MTHFD2,RPS6KA3,DDIT3,SSRP1,ODC1,NOP16,GPC1,IL7R,ACOX1,ECHS1,SDHB,VLDLR,TXNRD2,HMOX1,BAK1,TJP1,THBD,CCND3,PRSS23,BCL2,AQP9,ACSL1,IL4R,SCG3,AKAP12,CKM,GCG
RELB,PDK1,ANXA13,NF1,DVL2,BMPR1A,IL2RG,LIG1,CENPF,ENO2,DTX2,ADIPOQ,NCOR2,NCOR2,SORD,APP,CLCN3,IFI44L,PIM1,HADH,ATP8B1,PLG,GRB2,SHC1,AKT1,SLC37A4,RFC3,XPO1,GNL3,TGM2,CCL5,IDH1,ACADL,BCKDHA,EXT1,LAMTOR5,S100A4,POLR2H,ITGB3,FGFR1,NCOA4,ACOX2,CDKN1C,CYP27A1,VPS4B,STAT1,PRKAR2A,ETS1,NOS1,SYT13
TRAF1,GBE1,SREBF2,TSC1,PPARD,HIPK2,IFNGR1,ERCC1,KIF20B,BNIP3L,ST3GAL6,LIPE,RAB31,CDH1,KLK3,ERBB3,AP2S1,IFITM1,MT2A,CRAT,SLC34A3,NKX6-1,CDA,ATF4,RIT1,CXCR4,RPA2,TRA2B,MRTO4,TNFRSF12A,IFNGR2,PEMT,CRAT,NDUFA5,PDK3,MSRA,DDIT3,RFC4,MAPK14,KCNJ8,MYL4,TFPI2,TGM2,ALDH9A1,MVP,IL2RG,CAMK4,SEMA3B,CACNG1,SCGN
BTG2,PFKL,PCYT2,CDC27,NCSTN,ENG,TYK2,ERCC4,CENPE,ISG20,,DGAT1,IL17RB,RAB31,KLK2,CD36,CLTC,IFI27,PLSCR1,CLDN7,GSTM3,RTN1,CASP3,HERPUD1,TSC2,GLRX,NME1,CDK4,PES1,FLNA,CDKN1A,APOE,ACO2,MGST3,ANKZF1,MBP,FOXO3,FEN1,YTHDC1,SLCO2A1,SLC6A8,SERPINA1,PLSCR1,SERPINA6,ISOC1,IFNGR1,PSMG1,NIN,CHRNG,STXBP1
DUSP1,ALDOA,ACSS2,CNTRL,HDAC5,PPM1A,IL13RA1,POLD4,ABL1,HMOX1,,CPT2,CANT1,IL17RB,ACSL3,SORBS1,AP2M1,OASL,RAPGEF6,CALB2,SLC2A4,CRMP1,CASP9,PARN,CLTC,HSPA5,POLE4,HNRNPD,TFB2M,DST,IL18,ACO2,IDH3G,IMMT,UGP2,SRXN1,TRIB3,AMD1,ATRX,PGLYRP1,PC,HMGCS2,ALCAM,GNMT,YWHAH,PF4,VDAC3,DOCK2,ATP6V1B1,CHGA
MAP3K8,ENO2,ADH4,TUBGCP5,CCND2,XIAP,IL10RB,NELFB,KATNA1,CAV1,,CD36,SLC7A5,HPRT1,PIAS1,CRAT,RER1,EIF2AK2,IL4R,MAPK13,RTN4RL1,CDK5R1,CASP7,EXOSC4,AP2M1,SLC6A6,POLD1,SYNCRIP,IPO4,NOTCH2,IRF1,FAH,HIBCH,IDH3A,ALDOB,OXSR1,JAG2,HNRNPU,SLC7A1,APOH,LAMP2,SIRT2,TIAM1,HACL1,HRAS,CXCL13,GAD1,ADAM17,MX1,PCSK2
ETS2,PGM1,ETHE1,KIF4A,FRAT1,CDH1,IL1R2,RFC2,TPX2,BGN,,GPAM,PMAIP1,CDC20,CAMKK2,ITGA7,ARF1,SP110,STAT1,LAMC2,NCOA6,LDB1,CASP4,HSP90B1,ARF1,TES,POLA2,RAD23B,NDUFAF4,DKK1,OLR1,ALDH2,SUCLG1,DLD,STC2,GLRX2,NOTCH1,CASP3,PDGFRB,PRG2,CLCN3,CFD,MYO1E,CROT,PRDX1,FAS,HSPA2,CCND2,RSAD2,INSM1
F3,NDRG1,ECH1,MAPRE1,CSNK1E,ID1,IL3RA,ELL,CDK1,CDKN1B,,ADIPOR2,KRT18,PLK4,NKX3-1,COL15A1,OCRL,DDX60,CSF2RB,MDK,SULF2,,TIMP1,EXOSC9,MAPK1,CYP51A1,DUT,SNRPD1,NOC4L,FZD8,CXCL11,DDT,LTC4S,UQCRC1,GAPDHS,HMOX2,CCND2,BID,TGFBR3,,BPGM,SPARC,PTCH1,ABCD2,RDH11,SOCS1,PARP2,ENG,IFI44L,SST
SDC4,HK2,CBS,FGD6,FZD8,LEFTY2,IFNAR1,TAF10,KIF22,DDIT3,,ACAA2,RARA,CDC6,TMPRSS2,SSPN,ICA1,UBE2L6,STAT3,INSIG1,GATA3,,TIMP2,EXOSC1,RIPK1,IDI1,NUDT21,SMARCC1,WDR43,TGFB1,CSF1,SLC1A5,REEP6,DLAT,CHST2,FES,TP53,GPX3,MGMT,,ICAM4,LAMP2,CCND2,NPC1,MSH2,IL2RA,HBZ,IL2RG,CLDN8,ELP4
EGR1,ALDOC,GUSB,BRCA2,TP53,TRIM33,TNFRSF1A,RRM2B,AURKA,CASP6,,ETFB,TOB1,GINS2,APPBP2,HSPB8,MON2,USP18,MYD88,ACTN1,AFAP1L2,,CASP1,EXOSC5,NOD1,DHCR7,CDC20,G3BP1,RABEPK,THBS1,GPR183,DHRS7,DLD,MRPL15,GPC3,SCAF4,TGFB1,CDK2,ERBB2,,CTSB,C1S,BMPR2,HSD17B11,CTPS1,IL12RB1,SHE,CSF2RA,SLC30A3,PAK3
IL6,GPI,FASN,PLK1,SKP2,RAB31,MYD88,SUPT5H,FBXO5,DCN,,ACOX1,HSPB8,STIL,CENPN,MYLK,ARFGEF2,PSMB8,IRF9,ACTA1,CD160,,PLAT,ASNS,PFN1,SQLE,CKS2,HNRNPU,NIP7,ITGB3,PTPRE,NMT1,SDHC,SDHC,SAP30,CDKN2D,ACVR1B,PPT1,MGLL,,USP15,SERPING1,FURIN,MLYCD,CNBP,CCR1,IDE,TNFRSF1B,GAMT,G6PC2
TNF,MXI1,LGALS3,RASA1,HEY2,TJP1,ACVR1B,RPA3,NUSAP1,EBP,,ACADM,GREB1,SLC7A5,BMPR1B,TPD52L1,NAPG,BST2,PTPN1,ACTC1,SLC22A12,,PSEN1,ARFGAP1,PTEN,HMGCS1,MKI67,SRSF2,WDR74,FAS,TLR2,CAT,MDH2,AIFM1,RRAGD,MGST1,BAK1,DNAJA1,PEX14,,ASNS,CFB,HIPK2,ALDH1A1,CADM1,CXCL9,PDHA2,CBL,LYPD3,
KDM6B,SLC2A1,ATF5,NEK2,HEY1,SLC20A1,CSF3R,SNAPC5,RASAL2,SC5D,,HADH,SLC9A3R1,PDCD4,MAF,ADCY9,TMX1,LGALS3BP,PTPN2,ACTN2,NTNG1,,F2,SRPRB,PIK3R3,TM7SF2,AURKB,CDK2,BYSL,PDGFRB,LDLR,POR,MGLL,MDH2,EGFR,ABCC1,FAS,DGAT1,FHL2,,TFRC,CFH,IL4R,HSD17B4,ALDH9A1,IL7,TSSK2,SATB1,CD40LG,
NFKB1,P4HA1,ANXA5,WASF1,,CDK9,ITGB3,SSRP1,CCNB2,LGALS3,,IDH1,MYB,CCNA1,FADS1,REEP1,SCAMP1,ADAR,FAS,SPEG,SCUBE1,,CD36,TSPYL2,PLCG1,EBP,MCM6,ETF1,NOP2,TIMP1,PDE4B,IGFBP4,CIDEA,COX7B,MIF,FTL,SOCS1,TST,GJA1,,SLC7A11,C1R,IFNGR1,ACSL5,SERPINA6,CCL7,TNP1,PLAT,GP1BA,
LIF,ADM,TP53INP1,TOP2A,,ID3,REG1A,RFC3,SMC1A,CLU,,SORBS1,ANXA9,ETFB,SPCS3,BAG1,SH3GL2,GBP2,STAT2,ACTN3,,,ME1,NFYA,HRAS,SCD,MCM3,NDUFAB1,PPAN,TIMP3,SPHK1,PTGES,SLC22A5,COX8A,DPYSL4,STK25,DDB2,GRPEL1,DLC1,,GMPS,FBN1,IL1R2,GCLM,ABCD2,LTB,ZPBP,EREG,FGF22,
PTX3,P4HA2,CHKA,TRIO,,NOG,A2M,RPA2,NDC80,TNFRSF12A,,ACADS,IGFBP4,TST,INSIG1,SVIL,RAB2A,PSMB9,CD38,KCNH2,,,GPD2,CALR,LCK,SC5D,PTTG1,CYC1,RCL1,LUM,CCRL2,PAPSS2,ELOVL5,PRDX3,KDELR3,EGLN2,XPC,SULT1A1,ADD3,,GCLC,ITGA2,IL3RA,RXRA,ACAA1,NME1,DPEP3,ANKH,IGFBP2,
FOSL1,ENO1,GSTM2,ARHGEF11,,ARID4B,CSF2RA,TAF12,SMC4,CTNNB1,,UCK1,SYBU,TOB1,NGLY1,ABLIM1,COG2,HERC6,SOCS1,AKT2,,,C3,KHSRP,RAF1,FADS2,MAD2L1,PRDX3,PPRC1,MMP2,ATP2B1,BLVRB,CA2,NDUFS3,ADORA2B,SBNO2,PCNA,RET,IGF1R,,TCEA1,ADAM9,TNFRSF1B,ATXN1,ACOT8,HCLS1,ADAM2,EMP1,MEFV,
NR4A1,PFKP,ACAT2,KATNB1,,PPP1CA,IRF9,NELFCD,LMNB1,TOP2A,,SCP2,NPY1R,PTGER3,UBE2J1,NAV2,VAMP3,SAMD9,CXCL9,ITGB1,,,RASGRP1,EXOSC2,HSP90B1,HMGCR,HMMR,XRCC6,TCOF1,TGFBR3,IL12B,ELOVL5,UGDH,UQCRQ,GPC4,HHEX,ERCC5,RASGRP1,PRKAR2B,,HMBS,BMP1,IL18R1,SLC22A18,HMGCL,HIF1A,ACTL7B,SPARCL1,IDUA,
JAG1,AK4,AVPR1A,PRC1,,WWTR1,PDGFC,TAF13,BUB1,GSN,,DECR1,PDZK1,HSPB8,ELK4,TNNC1,ERGIC3,RTP4,IL7,SORBS3,,,JAK2,NOP14,CALR,TRIB3,KPNA2,IFRD1,UTP20,WNT5A,ABCA1,CA2,HMGCS2,COX6A1,PGM2,,POM121,FKBP4,ATP2B4,,HDGF,VWF,SOCS1,KLF1,HSD17B11,FASLG,TUBA3C,RETN,KLK8,
CCL4,FAM162A,PLSCR1,ANLN,,BCAR3,HAX1,TAF6,NOTCH2,SPTAN1,,TALDO1,NRIP1,SLC9A3R1,ABCC4,CKB,VAMP4,SAMD9L,CCL7,ITGB4,,,CA2,ATF6,EIF4E,LGMN,CDKN3,AP3S1,PRMT3,COL4A1,IL15RA,ACOX2,ALDH3A2,NDUFB7,TKTL1,,POLH,OLFM1,INSIG1,,RCL1,MMP9,TNFRSF21,OPTN,MLYCD,PRF1,DDX25,CIDEA,ZBTB16,
GCH1,BNIP3L,CLU,CDK5RAP2,,THBS1,BAK1,TAF9,CUL1,NEDD9,,TST,MLPH,MYB,ALDH1A3,SPDEF,VPS4B,LY6E,PNP,VCAM1,,,S100A9,HYOU1,MAPK8,CD9,CDC25A,PSMB2,FARSA,MYLK,EDN1,UGDH,BMPR1B,POR,SDC3,,ADA,AQP3,INPP4B,,SLC11A2,PECAM1,IL2RA,APOA1,EHHADH,F2R,PRM2,TSPAN13,SHOX2,
CCL2,TPI1,TRIB3,SMC3,,FNTA,EBI3,GTF2A2,TGFB1,ROCK1,,MCCC1,KRT19,ANXA9,AZGP1,ACTA1,NAPA,IFITM2,CMPK2,CD274,,,TFPI2,RRP9,NFKBIB,STARD4,CDC25B,PSMA2,MAP3K6,IGFBP4,ICOSLG,DCXR,DHCR24,IDH2,PGAM2,,AK1,PDLIM3,ZMIZ1,,LPIN2,PLG,LTB,AMACR,ALDH1A1,TIMP1,TCP11,SERPINA3,COL2A1,
RCAN1,KDM3A,CXCL16,TUBGCP2,,HDAC1,INHBE,VPS37D,RPA2,BCL2L11,,REEP5,LRIG1,IGFBP4,DBI,TNNI2,GNAS,HELZ2,PML,CD86,,,SERPINA1,NOP56,MAP2K6,TMEM97,PLK4,RRP9,LAS1L,CXCL12,ADM,IGF1,SMS,COX6C,SLC37A4,,SEC61A1,PPIF,PTPN21,,RAP1GAP,C2,PNP,ABCD3,HSD17B4,BCL10,PIAS2,PCP4,PTGFR,
DUSP2,CCNG2,TNFRSF12A,ESPL1,,UBE2D3,CRLF2,NME1,POLA2,RHOT2,,BCL2L13,KDM4B,NPY1R,DHCR24,MYL1,STX7,TRIM21,HIF1A,CLDN19,,,LTF,CXXC1,MAPK9,PLK1,MCM5,NOP56,PUS1,GJA1,CHST2,NQO1,HPGD,ATP6AP1,CXCR4,,BAX,CA2,COL3A1,,SMOX,MMP14,GPX4,HSD3B7,HAO2,CD2,PAPOLB,CA2,CYP39A1,
EHD1,LDHA,ACTG1,MAP1S,,LTBP2,TNFRSF1B,RNMT,CCNA2,PSEN2,,SLC25A10,PGR,PDZK1,STK39,TNNC2,SEC22B,PARP14,CASP3,COL17A1,,,GNAI3,CNOT4,GSK3B,AURKA,CHEK1,NHP2,SLC29A2,MEST,GPC3,PC,ACSL1,ATP6V1H,EFNA3,,F2R,GAL,SCHIP1,,ALAD,C1QA,UMPS,AKR1D1,ECI2,BRCA1,OAZ3,CPE,ABCG4,
IER2,GYS1,LGMN,ARHGAP27,,,CD14,ERCC2,CENPA,LEF1,,ME1,RHOBTB3,NRIP1,B2M,MYH3,VPS45,TRIM26,CASP7,CLDN9,,,ACTN2,DCP2,RAC1,TUBA4A,UBE2S,EIF4A1,SUPV3L1,LAMC2,ADORA2B,IRF8,UBE2L6,PDP1,SDC2,,CASP1,CCND3,COL1A1,,UROS,DPP4,CDC6,PEX1,ACSL5,EREG,PHF7,ALDH1A3,TFCP2L1,
REL,GAPDH,FBXO6,DOCK4,,,PTPN1,POLE4,CDC20,CCND2,,PHYH,TPD52L1,KRT19,MAP7,MYLPF,STX16,PARP12,CASP8,CDH3,,,COL4A2,PDIA6,AKT1S1,BUB1,HMGB3,EIF2S1,IMP4,TFPI2,TPBG,PSMB10,PSME1,FDX1,CASP6,,RETSAT,KCNH2,SRI,,UROD,KLKB1,ODC1,CYP8B1,ACSL4,TGFB2,ODF1,MAP7,UGT2B17,
CFLAR,ANGPTL4,GPX8,SAC3D1,,,PTPN2,VPS37B,CKS2,SMAD7,,PIM3,ELOVL2,PGR,HERC3,TNNT3,YKT6,NMI,TNFSF10,CTNND1,,,CDH13,ATP6V0D1,ACTR2,UBE2D3,TACC3,XPOT,GRWD1,ITGAV,KIF1B,CFB,YWHAH,HSPA9,B3GALT6,,APP,SLC6A8,IRS1,,CPOX,MMP15,UCK2,PNPLA8,CEL,F2,ACRBP,TNNT2,HSD11B2,
RIPK2,LOX,ANTXR2,INCENP,,,IL18R1,NT5C3A,MKI67,XIAP,,YWHAG,RET,TPD52L1,PGM3,TNNT2,SNX2,RNF31,CASP4,LIMA1,,,LAMP2,SERP1,PRKAR2A,PNP,MCM2,EIF4E,,SGCG,ABI1,UPP1,RDH11,ATP6V1D,GLRX,,TXNIP,AP2S1,PTEN,,BLVRA,F10,CASP3,SLC27A5,SLC25A4,JAK2,YBX2,AKT2,SCGB1A1,
NFKBIE,GCK,MAL2,ARHGAP5,,,PF4,SNAPC4,AURKB,SLC20A1,,NDUFAB1,TFF1,RET,ELL2,CASQ2,CLTA,HLA-C,CASP1,CLDN14,,,IRF7,NFYB,YWHAB,GTF2H1,CDKN2C,NPM1,,ADAM12,IL4R,JUP,NBN,PHB2,PAM,,FDXR,YKT6,PIK3R3,,NNT,CTSB,TNFSF10,CYP7B1,CLN6,INHBB,CSNK2A2,PSMB8,IFNG,
NR4A3,PPFIA4,CD9,GSN,,,CXCL13,AAAS,UBE2C,IFNGR1,,GPD2,MAPT,TFF1,UAP1,ACTC1,CLN5,TRIM14,TXNIP,PTPRC,,,PSMB9,NHP2,PIKFYVE,HPRT1,NASP,HSPE1,,TPM2,IL1R1,PLG,APEX1,GOT2,TGFBI,,TOB1,CNP,VAV2,,ISCA1,CTSO,IGF2R,PEX26,ABCC5,PTPN6,NAA11,IRF8,KRT1,
PHLDA1,DDIT4,PPARG,NET1,,,LTBR,RFC4,MCM6,CD14,,ADIG,SCNN1A,MAPT,SEC24D,MYOM1,M6PR,TDRD7,IFITM3,THY1,,,C1S,DCTN1,TBK1,CDC25A,STAG1,PSMD14,,ITGB5,OSMR,F10,LGALS1,COX5A,DCN,,STOM,LYN,AKT3,,HTRA2,GP9,BCL2L1,AGXT,ABCB1,B2M,TULP2,IL10RA,YBX2,
IER5,IGFBP3,GLDC,LRPPRC,,,FAS,ITPA,MCM3,FAS,,ECHS1,ABAT,SCNN1A,LMAN1,MYL4,SGMS1,DHX58,SSPN,VASP,,,LAP3,SSR1,ACTR3,CCNF,EZH2,PSMA4,,COL3A1,IFNAR1,HNF4A,CYP1A1,VDAC1,HSPA5,,TPD52L1,MMP14,NRP1,,ALDH6A1,DUSP6,IFITM3,PEX7,DLG4,CCND3,ADAD1,CFB,ZC2HC1C,
TNFSF9,RBPJ,STX5,RABGAP1,,,IL17RA,POM121,PTTG1,CD38,,QDPR,XBP1,XBP1,INPP4B,MYBPH,USO1,PARP9,ARL4A,ZYX,,,IRF2,EDEM1,ITPR2,MCM2,RAD21,PPIA,,COL4A2,ACVR1B,SHMT2,ADH1C,SLC25A3,TPBG,,ABAT,C4BPB,FYN,,PGLS,FN1,EMP1,CYP39A1,ATXN1,AKT1,SYCP1,BPGM,DCC,
GEM,HK1,STARD4,FLNB,,,IL9R,BRF2,MAD2L1,BCAP31,,CS,CELSR2,CELSR2,ITGAV,MYH7,YIPF6,PNPT1,JAK2,CLDN4,,,PLA2G4A,EDC4,RPS6KA1,SLC7A5,STMN1,PSMC6,,SGCD,CSF3R,BCAT1,PTS,VDAC3,LDHC,,SLC19A2,PRKCD,IGFBP5,,ABCB6,LRP1,FAH,CYP7A1,ABCD3,ACHE,DDX4,CFH,TNNI3,
GADD45A,CITED2,CTNNB1,ARAP3,,,STAM2,RFC5,HMMR,GPX4,,ACADL,MYBL1,FAM102A,MAK,MYH8,ARFIP1,TRIM25,PTPN6,CADM3,,,SERPING1,EIF2AK3,MAPKAP1,DDX39A,SUV39H1,PSMC4,,FGF2,ITGB3,GCLC,EPHX1,SUPV3L1,COL5A1,,SFN,CTSV,COL5A2,,PRDX2,CPQ,SLC1A5,PIPOX,HSD3B7,IRF7,MLF1,CMKLR1,CDH16,
CXCL10,ISG20,TMEM97,FGD4,,,STAT2,CLP1,KPNA2,CDC25B,,TOB1,MREG,SLC1A4,SPDEF,ACTN2,ANP32E,PSME1,B2M,ITGA3,,,CFB,ERN1,PLCB1,CTH,PRIM2,CANX,,TAGLN,EBI3,ATP2A2,FMO1,ALAS1,GPC1,,INHBB,ASNS,COL1A2,,GCLM,TMPRSS6,ITIH5,PEX6,PEX6,GBP2,TEKT2,JUP,SPTBN2,
PLK2,GALK1,SEMA3B,ABR,,,LEPR,NME4,CDKN3,CASP3,,GRPEL1,FAM102A,OVOL2,STEAP4,TNNI1,TSPAN8,EPSTI1,ARID5B,NF2,,,LCP2,FKBP14,CAMK4,GSR,NOLC1,COPS5,,LAMA2,TNFRSF1B,ACP1,ALDH9A1,CYB5A,HDLBP,,PERP,CEBPG,LAMC1,,BSG,GP1BA,ARL4A,GNPAT,GNPAT,CD74,SPATA6,ITGA2,PDE6B,
BHLHE40,WSB1,GNAI1,CENPJ,,,CBL,PRIM1,CDC25A,CASP9,,CRAT,MSMB,SLC27A2,SRP19,CRYAB,SCRN1,UBA7,MX1,NEXN,,,CFH,ZBTB17,RPTOR,FDXR,GSPT1,HSPD1,,COL6A3,CD14,PTGES3,MAOA,PDK4,NSDHL,,DCXR,TFRC,COL11A1,,NEK7,PREP,LRIG1,HSD3B1,ABCD1,IL15,PGK2,MPZL2,SIDT1,
EGR2,PYGM,ABCA2,NCK1,,,ITGA4,VPS28,CDC25B,DFFA,,PEMT,ZNF185,FKBP4,CCND3,SGCG,SEC31A,PSME2,ISG15,CDH6,,,GZMA,WIPI1,CFL1,ETF1,ILF3,MCM4,,ITGB1,IL18R1,FBLN1,ADH7,ETFDH,GUSB,,HSPA4L,CYB5B,FBLN5,,ALAS2,LTA4H,XBP1,HAO1,PEX13,CD47,ACRV1,MMP9,NTF3,
SOCS3,STC1,ATXN2,CENPF,,,CD38,TSG101,PLK4,CASP7,,CHCHD10,SLC19A2,CXCL12,IQGAP2,HRC,VAMP7,TRIM5,IFIT3,ADAM15,,,C1R,YIF1A,TRAF2,ADIPOR2,CKS1B,EIF2S2,,COL1A1,PIK3R5,AQP9,VNN1,ACAA1,CDK1,,ST14,RPN1,DAB2,,PPOX,APOC1,MUC1,PEX16,GSTK1,IRF8,CLPB,PECAM1,SCN10A,
SLC2A6,ZNF292,ALCAM,KIF20B,,,SOCS1,USP11,CDC6,PMAIP1,,AK2,SLC1A4,TMPRSS3,RAB4A,TNNT1,SCAMP3,C1S,IFI44,CLDN11,,,GNAI2,EIF4EBP1,GNGT1,IDH1,LBR,MCM7,,SLC6A8,CXCL9,CYP1A1,GABARAPL1,ECI1,AURKA,,CCND3,PDAP1,SNAI2,,FECH,RABIF,CISH,ABCD1,LONP2,PSMB10,CRISP2,DCBLD2,TAS2R4,
PTGER4,PLIN2,FABP5,WASF2,,,ACVRL1,TAF1C,CCNF,CASP8,,APOE,FHL2,TFF3,SMS,DES,AP2B1,LAP3,IFI35,CDH4,,,PFN1,EIF4A1,UBE2N,ME1,HUS1,RANBP1,,COL6A2,CCL7,CYP1A2,ALDH3A1,HADHB,IL13RA1,,TNNI1,STIP1,PMP22,,GYPB,C9,IGF1R,ABCG8,DIO1,HLA-DMA,ZC2HC1C,NRP1,DTNB,
DUSP5,CSRP2,S100A11,MYH10,,,TNFRSF21,TARBP2,MCM5,DIABLO,,UQCR10,OVOL2,SLC22A5,ZMIZ1,MYOZ1,RAB22A,LAMP3,IRF7,IRS1,,,SRC,EIF2S1,ADCY2,QDPR,PDS5B,RAN,,SPARC,ADRM1,GSTA3,TDO2,HSD17B10,HAX1,,PLXNB2,CCNE1,RGS4,,RHD,FYN,DHRS3,NR1H4,TTR,CD86,AKAP4,CTSS,HTR1D,
SERPINB2,VLDLR,,CENPE,,,PIK3R5,POLH,E2F3,BAX,,ACO2,TSKU,WFS1,MERTK,RYR1,AP3B1,GBP4,RSAD2,CLDN8,,,ADAM9,TATDN2,VAV3,ACLY,SRSF1,USP1,,IL15,SLC7A1,CYP2J2,FABP1,ACADVL,AK3,,CDH13,POLE3,CAP2,,GYPA,GNB2,CA2,PEX19,NR1I2,HLA-DQA1,CCT6B,DUSP6,MAST3,
NFIL3,JMJD6,,CYTH2,,,GRB2,CETN2,CHEK1,BIK,,FAH,ADCY9,PTGES,HPGD,CSRP3,ATP6V1H,NCOA7,IFI44L,EVL,,,STX4,XPOT,FGF6,ELOVL6,BARD1,DEK,,VCAM1,HIF1A,CYP27A1,BPHL,FH,CENPA,,RB1,MRPL23,BDNF,,GYPE,MMP8,BATF,CYP46A1,SLC35B2,CD40,PACRG,FCER1G,SLC6A3,
SERPINE1,EXT1,,MID1,,,DNTT,POLD1,UBE2S,BID,,ACLY,RASGRP1,ITPK1,GNAI3,ADAM12,GBF1,TMEM140,IFI27,CLDN15,,,PCSK9,LSM4,ECSIT,SLC1A5,XPO1,POLD2,,THY1,TNFSF10,ADH1C,ETFDH,IDH3B,HMMR,,ITGB4,DDX21,ACVR2A,,GYPC,CTSV,ITGAV,PEX13,SLC23A2,LCP2,GSG1,SCG3,TGM1,
TRIB1,PDK3,,KLC1,,,IL2RA,CANT1,HMGB3,TNFSF10,,SLC5A6,MUC1,ARL3,SRF,ATP2A1,CAV2,CD74,OASL,THBS3,,,LYN,CHAC1,RALB,IMMT,TMPO,PA2G4,,CDH6,TIMP1,ASL,CBR1,MDH1,NASP,,PROCR,IGFBP2,LPAR1,,EPB42,CSRP1,CCND3,HSD17B6,RXRG,HLA-G,THEG,CAB39L,PCDHB1,
TIPARP,ANKZF1,,MARK4,,,PTPN11,DGCR8,DBF4,FASLG,,JAGN1,KAZN,SLC16A1,SLC38A2,CKM,ATP1A1,GMPR,EIF2AK2,JAM3,,,GATA3,PDIA5,MKNK1,NMT1,CTCF,NAP1L1,,CDH11,PSEN1,ALAS1,ACAA1,SDHD,STMN1,,IFI30,MSX1,HAS2,,SLC4A1,SERPINC1,MYO1C,PXMP2,SLC25A17,TAPBP,CST8,NGF,THRB,
RELA,UGP2,,ARL8A,,,IL12RB1,RAD51,TACC3,IGFBP6,,EPHX2,SLC27A2,TJP3,ARID5B,MYOM2,BNIP3,PSMA3,SP110,CDH11,,,PLG,LSM1,FGF17,SLC9A3R1,TRA2B,CTPS1,,LAMA3,EREG,GSTM4,ACOT8,PDHB,BIK,,TRAFD1,TACR3,MET,,RHCE,ANG,SYNGR2,BBOX1,PEX2,IRF4,DCC,ITGB2,YPEL1,
BIRC2,ALDOB,,CEP57,,,CCR1,SURF1,MCM2,PRF1,,IDH3G,FKBP4,SLC26A2,CDC14B,MYL6B,ZW10,PROCR,DDX60,TMEM8B,,,CDK5R1,SDAD1,IRAK4,XBP1,MYBL2,ORC2,,COL16A1,GNA15,CYP2C18,CYP4A11,HCCS,SOD1,,UPP1,CYP1A1,ATP2C1,,RHAG,CTSH,PRNP,GSTK1,PEX11B,HLA-A,HSPA1L,SPP1,RYR2,
CXCL6,STC2,,UXT,,,CNTFR,PNP,CDKN2C,DAP,,ELMOD3,CXCL12,TFAP2C,XRCC5,TPM2,GALC,IFI30,UBE2L6,LAMA3,,,C2,EIF4E,PRKCB,SLC1A4,ORC6,PRDX4,,VCAN,FZD5,PTS,ECI1,DLST,CTH,,VAMP8,ALAS1,BCKDHB,,TAL1,F8,GBP4,ABCG4,FIS1,GZMA,DNAJB8,FUCA1,GDNF,
LITAF,ERRFI1,,ARHGAP4,,,PLA2G2A,ADA,FANCC,F2R,,ORM1,TMPRSS3,PRSS23,GPD1L,MYL2,ADAM10,IRF2,USP18,RSU1,,,MMP14,DDX10,GNA14,GLA,CDK4,PSMD8,,MYL9,RASGRP1,CYB5A,FABP2,CPT1A,IDH1,,ALOX15B,EPHX1,ABCC1,,SPTB,HNF4A,SELL,ALDH8A1,ABCB4,IFNAR2,IL13RA2,PRRX1,CAMK1D,
TNFAIP6,ENO3,,CDC42EP4,,,CXCL9,NME3,NASP,SATB1,,ESRRA,CBFA2T3,OLFM1,ACTN1,CKMT2,RAB5A,IL15,PSMB8,CLDN18,,,CTSL,ALDH18A1,FGF22,ADD3,POLE,PSMD7,,FBN1,P2RY2,EPHX1,HMGCL,SUCLA2,TALDO1,,BAIAP2,CDO1,RXRA,,HBQ1,ITIH1,IRF8,NR3C2,NUDT19,ST8SIA4,ZC3H14,C3AR1,AMBN,
CD44,HMOX1,,SASS6,,,IL7,GTF3C5,STAG1,CASP4,,HIBCH,TFF3,RAPGEFL1,RPS6KA3,MYH1,GOLGA4,CNP,BST2,NRAP,,,F5,HSPA9,DUSP3,ELOVL5,HMGA1,SET,,ITGA2,SLC7A2,LCAT,HSD17B11,SDHA,SLC25A10,,HRAS,FMO1,NFIB,,DCAF11,RAC1,IL10RA,ABCA6,IDE,IL2RB,COIL,SCN1B,SERPINA10,
INHBA,PGF,,LATS1,,,CCL7,NT5C,GINS2,CREBBP,,SUCLG1,UGCG,ABCA3,TMEM50A,FLII,AP1G1,CMTR1,LGALS3BP,CTNNA1,,,MMP13,SEC11A,IL4,SORD,DDX39A,SNRPA1,,SLIT2,GNAI3,SLC35D1,MLYCD,PDHA1,ME1,,CDK5R1,MAOA,TFPI,,ERMAP,MMP3,SELP,PECR,PEX5,PTPRC,PHKG2,RGS16,ALOX12B,
PLAU,GAPDHS,,OPHN1,,,LTB,AK1,POLQ,GPX3,,ITGA7,SLC22A5,FRK,ADAMTS1,FXYD1,MAPK1,CD47,ADAR,CD99,,,F7,EIF4A3,SLA,ACSL3,HNRNPD,STARD7,,BMP1,APLNR,GSS,PCBD1,UQCRB,DLD,,CTSD,SLC6A12,MMP16,,EIF2AK1,COMP,FGL2,PEX12,ABCC8,THY1,RPL39L,ARG1,CALCB,
MYC,CHST2,,WASL,,,IL17RB,GTF2H1,EZH2,PDGFRB,,MRAP,WFS1,DHRS2,NCOA4,TPM3,GOSR2,LPAR6,PSMB9,COL16A1,,,CTSS,POP4,PLA2G12A,FADS1,SYNCRIP,EIF3D,,TNFRSF11B,IRF7,FMO3,S100A10,NDUFS2,SDHC,,TSPYL2,TMBIM6,MAP2K5,,MPP1,HTRA1,IRF4,ABCA9,ALB,MMP9,PCSK4,HSD11B1,FGGY,
TNFRSF9,TMEM45A,,MAP3K11,,,,HCLS1,RAD21,TSPO,,CYC1,PTGES,FOXC1,PTK2B,CHRNB1,STAM,MOV10,HERC6,GNAI2,,,C1QA,CEBPG,MAPK10,INSIG1,SRSF2,FBL,,GAS1,IFITM1,AKR1C3,EHHADH,NDUFA9,MDH2,,MKNK2,ACAA1,AGGF1,,GLRX5,MMP1,NCOA3,LONP2,STS,LYN,MLLT10,RBP4,SPRR3,
SGK1,BCAN,,SOS1,,,,APRT,STMN1,TIMP1,,ALDH2,WWC1,BAG1,CDK6,SPEG,SNAP23,SLC25A28,RTP4,JUP,,,CALM3,BAG3,THEM4,DHCR24,BRCA1,CBX3,,SCG2,EIF2AK2,SLC22A1,HADHB,NDUFS4,FKBP4,,NUPR1,UROD,PLCB4,,TSPAN5,HPN,IL2RB,ABCA8,ITGB1BP1,C2,ART3,CROT,UPK3B,
TNIP1,CAV1,,ABL1,,,,ERCC8,SUV39H1,HSPB1,,RNF11,ITPK1,MYOF,HSD17B14,FHL1,ATP6V1B1,SELL,SAMD9L,LAYN,,,C1QC,CNOT2,MKNK2,RIT1,WEE1,CCT3,,MMP14,BST2,GSTO1,HSD17B10,NDUFS1,TFF3,,SLC7A11,ATP6V1F,PTPRM,,OSBP2,MEP1A,NRP1,DIO1,SIAH1,CTSS,NPHP1,TMEM176B,PRODH,
NAMPT,AMPD3,,TIAM1,,,,IMPDH2,PRIM2,ADD1,,SULT1A1,TMEM164,RBBP8,VAPA,ACTN3,STX12,TRAFD1,LY6E,PFN1,,,DPP4,RPS14,PPP2R1B,IFRD1,HMGB2,C1QBP,,CD59,RTP4,ARG1,ALDH1A1,NDUFA2,ELF3,,CCNG1,ATP6V1C1,SIPA1L1,,ANK1,F11,SERPINC1,TTR,SLC25A19,CD40LG,CLGN,SOX9,GPR19,
FOSL2,GPC3,,KIF1B,,,,POLB,E2F1,TIMP2,,DDT,ARL3,CYP26B1,XRCC6,TCAP,CD63,BATF2,IFITM2,CNN2,,,KLK1,NPM1,CAB39L,YKT6,AK2,U2AF1,,FN1,LY6E,CDO1,ACADVL,NDUFS8,MED24,,CCP110,SLC25A4,NR1D2,,NFE2,HRG,CCNE1,PEX11G,CDK7,WAS,MAST2,VWA5A,SLC29A3,
PNRC1,NDST1,,ITSN1,,,,SDCBP,CHAF1A,TIMP3,,SDHB,MED13L,PAPSS2,MYL12A,MYL3,TOM1L1,NUB1,HELZ2,AMIGO2,,,KLKB1,CNOT6,ARPC3,M6PR,RNASEH2A,UBE2L3,,LRP1,NMI,FMO1,HSD17B4,NNT,KIF20A,,RAD51C,STK25,ATRN,,AHSP,PROS1,NOP2,SLCO1A2,UGT2B17,GZMB,MTOR,ABCB1,GPRC5C,
ID2,SAP30,,SHROOM1,,,,SF3A3,NOLC1,CASP1,,CD151,SLC16A1,JAK2,UBE2I,LDB3,ARFGAP3,OGFR,TRIM21,INPPL1,,,CD59,PSAT1,PITX2,USO1,XRCC6,SSBP1,,PLOD2,LAMP3,ALDH9A1,CA4,NDUFS7,GALE,,PPM1D,CDKN2B,ATXN1,,SPTA1,MBL2,PUS1,SULT1B1,CLN8,LCK,ZNRF4,TFPI,C5,
CD69,GAA,,NCK2,,,,DAD1,GSPT1,GPX1,,SLC27A1,TJP3,AFF1,PTPN21,COX6A2,RAB9A,MVB12A,PARP14,CLDN6,,,CR2,EIF4G1,DAPP1,PSMA3,ANP32E,TCP1,,SERPINH1,IL15,NDRG2,HAO2,NDUFV1,MERTK,,CDKN2A,RRAD,PRDM2,,SLC22A4,ISCU,SLC29A2,NR1I2,CTBP1,NPM1,AGFG1,GYPC,EDAR,
IL7R,PKLR,,DLGAP5,,,,UPF3B,BUB3,BCL10,,BCKDHA,SLC26A2,KLK10,AKT1,FABP3,,,TRIM26,ARPC2,,,MMP15,YWHAZ,CAB39,IFI30,ZW10,EIF3B,,MCM7,SELL,UPB1,MCEE,COX5B,CACNA1H,,RPL18,TCHH,GCNT1,,CLIC2,CAPN5,SPP1,GC,HSD11B2,TRAF2,SNAP91,MMP11,KCNMB1,
EFNA1,IGFBP1,,BCR,,,,GUK1,ILF3,IGF2R,,C3,FCMR,BLVRB,,MYL7,,,PARP12,SRC,,,SPOCK2,SLC30A5,PRKAG1,FGL2,MTHFD2,SNRPA,,COL5A2,IL10RA,PDK4,AUH,UQCRH,AGRN,,SDC1,NXF1,RUNX1,,TRAK2,KLK8,ECM1,ABCA4,CRABP2,UBE2N,CHFR,MMP10,STAG3,
PHLDA2,S100A4,,RANBP9,,,,ADRM1,CDC7,AIFM3,,LEP,SNX24,CISH,,ITGB5,,,NMI,PBX2,,,F10,DCP1A,CSNK2B,MTHFD2,TUBG1,PWP1,,COL1A2,FPR1,AHCY,FH,NDUFA1,AGL,,FUCA1,CDC5L,RND3,,KEL,THBD,APLP1,SLC35B2,CRABP1,PRKCB,TNP2,RABGAP1L,KRT4,
PFKFB3,RRAGD,,EPB41L2,,,,SEC61A1,CKS1B,PPP3R1,,ELOVL6,TFAP2C,GLA,,CHRNA1,,,RNF31,MAP4K2,,,CTSB,IMP3,PRKAA2,PIK3R3,NOP56,APEX1,,LAMC1,CD40,COMT,ALAD,CYCS,PC,,CD82,HSPA2,ADGRL2,,RANBP10,CTSE,NT5E,SLC23A1,SCGB1A1,IL4,BRAF,ETV4,SLC25A23,
CCL5,EGFR,,KATNA1,,,,POLA2,EXO1,HGF,,LTC4S,TTC39A,ADD3,,COL3A1,,,TRIM14,PTEN,,,CTSO,SPCS1,ATF1,TUBG1,EIF2S1,TXNL4A,,COL7A1,LCP2,AOX1,GPD1,NDUFA6,COPB2,,RGS16,ARRB2,NIPBL,,TRIM10,PROC,CAPG,NUDT12,PABPC1,ITGB2,POMC,NR1H4,INSL5,
YRDC,EDN2,,TUBD1,,,,FEN1,TFDP1,LUM,,SPARCL1,GJA1,PDLIM3,,KCNH1,,,TDRD7,CNTN1,,,CD40LG,DNAJA4,PIN1,SKAP2,TFRC,HNRNPR,,LOXL2,TAPBP,DDAH2,ACOT2,NDUFB6,COG2,,MXD1,E2F5,FZD2,,TSPO2,F12,PTGER2,PAOX,FABP6,CFP,IFT88,HDAC9,KMT2D,
IFNGR2,IDS,,TPX2,,,,ZNF707,KPNB1,LMNA,,RMDN3,PRSS23,CALCR,,GJA5,,,DHX58,TSPAN4,,,CBLB,TTC37,NGF,CTSC,RRM2,EEF1B2,,THBS2,SRI,HGFAC,HSP90AA1,UQCRC2,RBCK1,,EPHX1,RAB27A,PRKCE,,XK,CFI,CD48,DIO2,ABCB9,BCAT1,GMCL1,MAP4K1,BRDT,
SQSTM1,RORA,,KIF3C,,,,NUDT9,LBR,CDK2,,MTCH2,OLFM1,NBL1,,MYF6,,,PNPT1,VCAN,,,PDP1,FUS,ACACA,LTA4H,NUP205,CAD,,NNMT,CMKLR1,F11,BCKDHB,NDUFB3,CLDN9,,SLC35D1,SPR,LTBP1,,SNCA,F9,RGS16,RBP1,CACNA1B,CDKN2A,MTNR1A,SNAP91,KCNN1,
BTG3,MIF,,SHROOM2,,,,PDE6G,HUS1,IFNB1,,SOWAHC,RAPGEFL1,SFN,,MYH2,,,TRIM25,CDH8,,,C4BPB,EXOSC10,SMAD2,HSP90B1,MCM4,RPL18,,TPM1,IL2RB,CYP26A1,UROS,OGDH,VCAN,,CYFIP2,SHOX2,RBPMS,,MARK3,PROZ,AHR,SLC23A2,SEMA3C,EIF3D,DMC1,SCG5,PROP1,
GADD45B,PPP1R3C,,TUBGCP6,,,,TYMS,TOP1,RETSAT,,SLC1A5,ASB13,OPN3,,MAPK12,,,PSME1,ATP1A3,,,GP9,EEF2,,ASNS,UNG,DDX18,,CDH2,CX3CL1,MCCC2,CRYZ,NDUFB8,KIF2A,,PMM1,CLTB,CACNA1A,,UBAC1,FGA,IL10,NEDD4,,EIF3J,NCAPH,PCSK1N,LGALS7,
KYNU,DPYSL4,,SPTAN1,,,,BCAP31,PDS5B,SOD1,,CMPK1,ABCA3,ABHD2,,MYOG,,,EPSTI1,MYL9,,,CTSC,EXOC2,,CALR,RPA1,RPS2,,COL11A1,ICAM4,SERPINA6,RDH16,COX6B1,PPP2CB,,EPHA2,LHX2,AMPH,,CA1,MMP11,MXD1,RXRG,,ABCE1,PEBP1,ACE,PDK2,
G0S2,KDELR3,,PALLD,,,,DDB1,SRSF1,PTK2,,REEP6,FRK,KRT13,,MYH4,,,PSME2,ADRA1B,,,USP15,PAIP1,,RRP9,CCP110,RUVBL2,,FAP,DCBLD2,GNMT,INMT,NDUFB5,ANG,,S100A10,GLS,MIOS,,KLF1,F13B,P2RX4,BMP6,,CAPG,CHRM4,SPRY2,SNCB,
BTG1,DTNA,,ARFIP2,,,,NFX1,STIL,BCL2L10,,NDUFA5,DHRS2,HR,,AEBP1,,,C1S,SYK,,,CR1,,,SERP1,DCLRE1B,RNPS1,,FSTL1,LYN,HACL1,GSTZ1,NDUFA4,PLOD2,,LDHB,CDC34,WDR37,,KAT2B,MMP10,GSTO1,EFHC1,,CCL22,TOPBP1,ETV5,NPY4R,
MCL1,ADORA2B,,KNTC1,,,,RAD52,DTYMK,CD2,,FZD4,AQP3,PPIF,,MEF2C,,,LAP3,CADM2,,,DUSP6,,,SSR1,DNMT1,UBE2E1,,POSTN,MMP14,MAOA,IDH3B,NDUFB1,EGLN3,,ISCU,ABCB1,CDON,,NARF,MASP2,AHCY,CH25H,,ACVR2A,SCG5,PPBP,DLK2,
VEGFA,HS3ST1,,HOOK3,,,,ADCY6,BARD1,MMP2,,DRAM2,KCNK15,FKBP5,,NOS1,,,GBP4,ALOX15B,,,FN1,,,EDEM1,DONSON,RPS3,,SPP1,GP1BA,DHPS,MDH1,COX4I1,GOT1,,TGFA,BSG,SYNJ2,,FBXO7,FGG,GABARAPL1,ABCA5,,NLRP3,PGS1,GABRA3,WNT16,
MAP2K3,NR3C1,,SUN2,,,,ARL6IP1,CDC45,VDAC2,,MGST3,TGIF2,AMFR,,CNN3,,,CD74,CX3CL1,,,APOBEC3G,,,HSPA9,EED,SNRPG,,NID2,LCK,SLC6A12,ECI2,COX7C,G6PD,,MDM2,RXRB,MAP1B,,HEBP1,C8A,CD81,SOAT2,,TLR1,NPY5R,FGF9,SLC6A14,
CDKN1A,GPC4,,MID1IP1,,,,DGUOK,ODC1,PLAT,,ATP1B3,FOXC1,CHPT1,,IGFBP7,,,PSMA3,DMP1,,,FCN1,,,SEC11A,GINS1,PHB2,,MMP3,RHOG,HSD11B1,SDHD,UQCRFS1,PPIA,,PHLDA3,HLA-F,DYRK1A,,HBD,CAPN2,ABCB1,TFCP2L1,,TLR3,TSN,TSPAN1,ITGB1BP2,
TANK,CA12,,DLG1,,,,POLL,XPO1,APP,,RETN,ELF3,ELOVL5,,CACNA1H,,,IFI30,CDSN,,,GZMK,,,PSAT1,GINS4,SSB,,VIM,CD55,SLC35B1,ACSL5,ATP6V1F,PSMC4,,CDKN2B,CREG1,NEK7,,NUDT4,RGN,ANXA4,,,IL10,TNNI3,ADAM8,SLC12A3,
IFIT2,HEXA,,FLNA,,,,SMAD5,SFPQ,BRCA1,,STOM,REEP1,SOX3,,CACNG1,,,IRF2,MYL12B,,,CASP10,,,NFKBIB,MCM7,EIF4H,,LOXL1,RAF1,LPIN2,HSDL2,COX7A2,GCLC,,ZMAT3,APOM,SPOP,,FBXO9,C8B,GATA1,,,IL18RAP,PCSK1N,SLPI,CPB1,
IL18,BGN,,ARHGAP10,,,,MPG,TMPO,PSEN1,,ESYT1,PEX11A,SLC24A3,,MB,,,IL15,RAC2,,,LRP1,,,GSK3B,MELK,SRSF3,,FBLN5,ATP2A2,CYP2S1,CD1D,NDUFS6,DEPDC1,,EI24,TGFBRAP1,GRK5,,RAD23A,F2RL2,F2RL2,,,STAB1,GPR182,PRKG2,MAGIX,
TUBB2A,PGM2,,CDC42BPA,,,,DUT,PML,BMF,,GHITM,PODXL,KCNK5,,SCHIP1,,,CMTR1,FBN1,,,CTSD,,,ACTR2,MMS22L,CCT4,,COL12A1,EMP3,RAP1GAP,GCDH,NDUFA7,PRPS1,,SESN1,NAT1,CDK13,,CROCCP2,DUSP14,S100A1,,,MBL2,RAD17,TMEM158,ARHGDIG,
IRF1,PIM1,,ARHGEF12,,,,POLA1,CTCF,EREG,,DNAJC15,BAG1,RPS6KA2,,MEF2D,,,SLC25A28,DSC1,,,WAS,,,TBK1,NAA38,SNRPD3,,ELN,ITGA5,RBP4,PDHB,NDUFV2,GOT2,,PIDD1,CYB5R1,SFMBT1,,TMCC2,CTSK,SOCS2,,,CD1D,TLE4,PRDM1,CALML5,
FOS,PRDX5,,NIN,,,,AGO4,SLC38A1,KRT18,,VEGFB,CELSR1,ALDH3B1,,SMTN,,,TRAFD1,CD34,,,BRPF3,,,ACTR3,RAD51AP1,PSMD1,,COMP,CXCL8,GCKR,PPARA,OXA1L,QSOX1,,AEN,CLCN2,KCNMA1,,GATA1,GDA,TNFRSF4,,,GCNT1,ACE,GALNT3,MTHFR,
OLR1,NAGK,,PCM1,,,,RALA,TRA2B,TGFB2,,COQ3,MPPED2,CLIC3,,HSPB2,,,BATF2,ICAM4,,,MT3,,,SLA,UBE2T,GOT2,,SPOCK1,PVR,MTHFD1,NCAPH2,NDUFC1,SDC1,,RRAD,AGO2,SYNE1,,RBM38,CRIP2,CTLA4,,,IL13,SIRT1,WNT7A,ABCB11,
RHOB,CDKN1B,,RALBP1,,,,ZWINT,MYBL2,WEE1,,NABP1,CLDN7,NXT1,,SGCA,,,OGFR,MSN,,,PRSS36,,,DAPP1,WDR90,PABPC4,,IL32,CCL22,ADH7,CA6,UQCR11,PLOD1,,FBXW7,PPP1R2,CELF2,,RNF123,MST1,IKZF2,,,GPR65,HTR5A,ETV1,MYOT,
AREG,BRS3,,EZR,,,,BCAM,TROAP,RARA,,CYP4B1,MYOF,MICB,,BDKRB2,,,IFIT1,MAPK11,,,GZMB,,,ACACA,BUB1B,CCT5,,QSOX1,CCR7,DHRS1,HCCS,ATP6V1G1,NT5E,,PLK3,EPCAM,MTA1,,MINPP1,MSRB2,TNFRSF18,,,IL12A,CLVS1,CLEC4A,KLK7,
NINJ1,TKTL1,,SSH2,,,,TK2,CUL3,PEA15,,PPM1B,RBBP8,ASS1,,COX7A1,,,OAS2,CRB3,,,RNF4,,,TFRC,TRIP13,PRPS2,,EDIL3,AQP9,VNN1,DLST,NDUFA8,MET,,TRIAP1,NPTXR,EFEMP1,,TNS1,APOA1,ADAM19,,,CD3E,CNIH2,TSPAN7,THNSL2,
ZBTB10,MT1E,,CDK1,,,,CSTF3,MAPK14,DNAJC3,,ARAF,OLFML3,GPER1,,COL4A2,,,MX2,ITGA2,,,ZEB1,,,PLOD2,E2F8,ACP1,,CALD1,C3AR1,CNDP2,AOC3,OPA1,CYB5A,,APAF1,EIF2S3,PHF3,,CTSE,TF,BATF3,,,CD3D,GRM8,ITGBL1,GP2,
KLF4,ATP7A,,RAB3GAP1,,,,GTF2H5,AMD1,CASP2,,COL4A1,GFRA1,LLGL2,,PLXNB2,,,OAS3,ITGA10,,,CASP5,,,CORO1A,MSH2,PRPF31,,MAGEE1,OPRK1,FETUB,UROD,SLC25A11,ALDH9A1,,PDGFA,GRINA,SCAF8,,DMTN,PEF1,PHTF2,,,CD28,STRBP,CDADC1,CD207,
CXCL11,MT2A,,FARP1,,,,HPRT1,CBX1,CTH,,IMMT,SVIL,AGR2,,CTF1,,,XAF1,BAIAP2,,,CPQ,,,SERPINH1,ATAD2,CCT2,,FBLN1,ITGB8,CROT,CPT1A,MTX2,TPST1,,RALGDS,POLG2,PIAS3,,XPO7,GNG12,CD79B,,,CRTAM,ADCYAP1,KIF5C,CCR8,
SAT1,SDC3,,SYNPO,,,,BOLA2,CHMP1A,PLCB2,,DHRS7,DEPTOR,DNAJC12,,KCNH2,,,IRF8,ARHGEF6,,,ATOX1,,,NUPR1,TIPIN,EIF4G2,,SGCB,PTAFR,GAD1,SUCLG2,COX7A2L,ARPP19,,SERPINB5,HYAL2,MRPS31,,MKRN1,C8G,ST3GAL4,,,IFNG,ALOX15,TRIB2,CPA2,
CSF1,PKP1,,RHOF,,,,GPX4,DKC1,HMGB2,,COL15A1,CYP26B1,TSPAN13,,AGRN,,,IL10RA,PDZD3,,,PIK3CA,,,PSMG1,TK1,SRM,,ECM1,OSM,AKR1C2,CPOX,TIMM17A,MDH1,,DGKA,MGAT1,MAGI2,,TFDP2,APOC2,PENK,,,CD3G,MEP1B,SDCCAG8,SLC38A3,
GPR183,ANXA2,,ECT2,,,,MPC2,YTHDC1,TGFBR3,,NMT1,PAPSS2,PKP3,,MYO1C,,,PLA2G4A,ADAM9,,,TMPRSS6,,,PSPH,CDCA8,UBA2,,FSTL3,TNFSF15,TKFC,CBR3,ATP6V1E1,PKM,,IP6K2,NKX2-5,ANXA4,,HBB,RAPGEF3,CST7,,,CD4,GFI1,CFHR2,KCNQ2,
PMEPA1,PGAM2,,EPB41,,,,CDA,CCNT1,TXNIP,,COQ5,SLC1A1,SERPINA3,,SIRT2,,,NLRC5,PCDH1,,,CPM,,,EGLN3,NCAPD2,PSMA7,,DAB2,ADGRE1,SSR3,NTHL1,NDUFA3,PFKFB1,,KLK8,PPAT,DDAH1,,MOSPD1,CPN1,WLS,,,HLA-DRA,ELOVL3,ALDH1A2,ITIH3,
PTPRE,DDIT3,,RAPGEF6,,,,ALYREF,ATRX,ANKH,,LAMA4,DLC1,GJB3,,SGCD,,,IDO1,SLIT2,,,RCE1,,,HSPE1,RANBP1,COX5A,,EMP3,ACVR2A,GABARAPL1,AADAT,SLC25A6,PGAM1,,PRKAB1,HTR7,KALRN,,SLC25A37,WDR1,TLR7,,,HLA-DMB,IL12RB2,NR0B2,MSH5,
TLR2,PRKCA,,KIF22,,,,MRPL40,LIG3,CYLD,,AGPAT3,JAK2,PRLR,,VIPR1,,,PSMB10,KRT31,,,CALM1,,,SLC7A11,CCNE1,PCBP1,,BASP1,BDKRB1,TMBIM6,HSPH1,ETFA,PYGB,,RCHY1,KLHDC3,TGFBR2,,SLC30A1,SH2B2,IKZF4,,,CD247,DMRT1,AMMECR1,TEX15,
ACKR3,SLC37A4,,PCGF5,,,,NPR2,NUP50,GSTM1,,BAZ2A,AFF1,SERPINA5,,FGF2,,,ITGB7,SGCE,,,DOCK9,,,PSMC2,CDCA3,HNRNPA1,,ITGA5,HRH1,CES1,ACSL4,TIMM9,PMM2,,RPS27L,PRPF3,PTGFR,,EPOR,MMP7,IL13,,,IL2,CFTR,APOD,CLPS,
KLF10,CXCR4,,STAU1,,,,REV3L,SLC7A5,GSR,,IDH3A,KLK10,IMPA2,,FKBP1B,,,SAMHD1,PIK3CB,,,USP14,,,PRDX1,ASF1B,EIF3J,,MGP,PTGIR,TMEM176B,ACSS1,TIMM8B,B4GALT7,,RAB40C,DNAJB1,ARHGEF9,,TNRC6B,CPB2,NFKBIZ,,,SRGN,IP6K1,TOR1AIP2,ENTPD7,
MARCKS,EFNA3,,ARHGDIA,,,,EDF1,RBL1,BCL2L1,,LIFR,P2RY2,EMP2,,TEAD4,,,FCGR1A,NLGN2,,,GP1BA,,,GOT1,TIMELESS,LSM2,,SDC1,CALCRL,GSTT2,METAP1,TIMM13,FBP2,,TP63,PSMC3,SCN8A,,ACSL6,S100A13,CTSZ,,,ZAP70,,ADGRA2,CLSTN3,
LAMB3,CP,,AURKA,,,,TMED2,RAD54L,GNA15,,PREB,BLVRB,DLG5,,CASQ1,,,HLA-DMA,YWHAH,,,KIF2A,,,PSMD14,HELLS,VBP1,,PCOLCE,CSF3,SPINT2,ACSM3,ABCB7,CHPF,,ABHD4,SIGMAR1,KIT,,GAPVD1,DCT,ITGAE,,,CCR5,,LAPTM5,CYP11B2,
CEBPB,KLF7,,FBXO5,,,,STX3,EFNA5,MGMT,,PTGER3,CISH,PCP4,,KLF5,,,VCAM1,PARVA,,,GNB4,,,PSMA4,PRKDC,PSMA6,,GREM1,GPR132,ALDH3A1,D2HGDH,NDUFB2,B3GAT3,,TRAF4,PARP2,APBB2,,SLC30A10,APOC3,MAPKAPK2,,,HLA-DOA,,CD37,CLDN16,
TRIP10,CHST3,,NUSAP1,,,,RAE1,PRPF4B,PPT1,,GPHN,GLA,NAB2,,PDLIM7,,,CD274,ADAMTS5,,,LCK,,,PPA1,RAN,CNBP,,COL5A3,NLRP3,ABHD6,ADSL,HADHA,CHST12,,CTSF,DLG4,PIK3CD,,HBZ,P2RY1,FLT3LG,,,GLMN,,ZNF639,HNF1A,
F2RL1,TPD52,,PXN,,,,UMPS,UCK2,F2,,SSPN,ADD3,LSR,,TAGLN,,,CIITA,AMH,,,PREP,,,DHFR,USP1,TARDBP,,HTRA1,PTGER2,XDH,SUCLA2,ATP6V1C1,HS2ST1,,TAX1BP3,CHRNA5,DBP,,ACKR1,S100A1,LCLAT1,,,HLA-E,,LY96,OXT,
KLF9,LXN,,BCAR1,,,,EIF1B,ARID4A,IFITM3,,DLD,PDLIM3,CACNA2D2,,RIT1,,,SELP,ICAM2,,,MSRB1,,,UCHL5,SPAG5,HNRNPA2B1,,SNTB1,GABBR1,CYP4F2,SDHA,MAOB,MPI,,PVT1,NPTX2,SLC22A18,,PSMD9,,CYFIP1,,,TLR6,,FLT4,KCND1,
LDLR,B4GALNT2,,CD2AP,,,,AK3,UPF1,RNASEL,,ITIH5,KRT8,CA2,,MEF2A,,,GPR18,CDH15,,,LTA4H,,,IGFBP5,KIF18B,RPL6,,LRRC15,CD82,CYFIP2,XIST,NDUFB4,GNPDA1,,ZFP36L1,PLCL1,,,PDZK1IP1,,NCS1,,,CD79A,,SPON1,NRIP2,
TGIF1,PPARGC1A,,AKAP13,,,,NUDT21,DR1,EMP1,,CD302,SLC37A1,ASCL1,,ANKRD2,,,FPR1,SHC1,,,ZFPM2,,,CYB5B,GINS3,PTGES3,,ACTA2,NMUR1,PINK1,OSTC,PDHX,AKR1A1,,WRAP73,TYRO3,,,MOCOS,,DCPS,,,ELANE,,PLEK2,RGS11,
RNF19B,BCL2,,HDAC6,,,,RBX1,MNAT1,DNM1L,,ATL2,CALCR,ACOX2,,AKT2,,,SERPING1,MPZL2,,,SIRT6,,,SHMT2,SLBP,PSMA1,,EFEMP2,TLR1,ESR1,GLUL,MFN2,B3GAT1,,RAP2B,COL2A1,,,FTCD,,AMACR,,,SPI1,,IGF2,CPEB3,
DRAM1,GCNT2,,CEP131,,,,SRSF6,SMC2,ANXA1,,LPCAT3,ESRP2,PERP,,LAMA2,,,RNF213,WNK4,,,APOC1,,,TXNRD1,CHEK2,FAM120A,,MATN2,LPAR1,PMM1,CYP4A22,COX11,CHPF2,,HEXIM1,HSPA13,,,ADD2,,FAM126B,,,STAT4,,SNAP25,TG,
B4GALT1,HAS1,,LLGL1,,,,GMPR2,RBM14,MADD,,TKT,IGF1R,UGDH,,IFRD1,,,PELI1,NFASC,,,PRKCD,,,G6PD,SPC25,PPM1G,,PCOLCE2,IRAK2,TDO2,AQP7,PMPCA,CHST6,,NOL8,GGH,,,BMP2K,,PTH1R,,,CD7,,TLR8,PTPRJ,
DNAJB4,KLHL24,,ATG4B,,,,DCTN4,ORC6,PPP2R5B,,UQCRC1,NBL1,KLK11,,NCAM1,,,CFB,PIK3R3,,,ITGAM,,,RAB1A,DCTPP1,SERBP1,,SERPINE2,P2RX7,FABP1,PRDX6,ATP6V0B,PGLS,,DEF6,NTRK3,,,HAGH,,CAPN3,,,HLA-DOB,,TMEM100,NUDT11,
CSF2,SCARB1,,PCNT,,,,COX17,CDK4,ERBB3,,CAT,SFN,PLAC1,,SYNGR2,,,CD86,SIRPA,,,DGKH,,,PNO1,DEK,CSTF2,,ABI3BP,SLC11A2,ACP2,ERP29,SLC25A5,CHST1,,SP1,FGF18,,,KDM7A,,SYT11,,,CD8A,,GADD45G,FSHB,
PDE4B,SLC25A1,,ALMS1,,,,CMPK2,POLE,PDCD4,,OMD,OPN3,DCXR,,PICK1,,,HLA-DQA1,GRB7,,,KCNIP2,,,CACYBP,CENPM,RPL22,,FUCA1,FFAR2,ABCD2,GAD2,COX15,ALG1,,CEBPA,EIF5,,,OPTN,,TTC39B,,,IL11,,CBX8,TFF2,
SNN,SDC2,,KPTN,,,,,HOXC10,BCL2L2,,DLAT,ABHD2,HOMER2,,COL6A3,,,SPPL2A,FLNC,,,PCLO,,,ATP6V1D,RAD51C,HNRNPA3,,SLIT3,PROK2,DDC,PTPRG,SLC25A4,GFPT1,,KIF13B,PRKACA,,,CTNS,,GPR65,,,EIF3A,,PTBP2,SSTR4,
PLEK,CASP6,,DST,,,,,RPS6KA5,FEZ1,,MRPL15,AR,GAL,,DMPK,,,FGL2,PARD6G,,,DOCK10,,,ITGB2,CBX5,NCBP1,,LAMA1,TACR1,ACOX3,IL4I1,SLC25A20,SLC35A3,,OSGIN1,STARD3,,,NFE2L1,,CKAP4,,,SIT1,,NAP1L2,COPZ2,
STAT5A,VHL,,KIFAP3,,,,,CUL4A,ERBB2,,RIOK3,SLC39A6,IGSF1,,MYH11,,,SECTM1,COL9A1,,,SH2B3,,,TOMM40,POLD2,RPLP0,,COL8A2,CYBB,SAR1B,TP53INP2,MTRR,ME2,,ANKRA2,MARK2,,,PIGQ,,CCR4,,,HDAC9,,ANO1,PDCD1,
DENND5A,FOXO3,,PPP4R2,,,,,SLC7A1,DNAJA1,,RTN3,SYT12,S100A9,,IGF1,,,CD40,NRXN2,,,RABIF,,,PPIA,DSCC1,ABCE1,,FBN2,SCARF1,ADH5,PDHA1,CYB5R3,SPAG4,,VWA5A,PTPRD,,,KLF3,,HOPX,,,CARTPT,,IL1RL2,SLC16A7,
CCND1,PDGFB,,ARHGAP29,,,,,FOXN3,DAP3,,CHUK,MED24,SLC29A1,,FST,,,HLA-DRB1,SLC30A3,,,HPCAL4,,,UFM1,DEPDC1,EIF1AX,,IGFBP2,CCL17,CRP,RAP1GDS1,TOMM22,EXT2,,HINT1,MAPK8IP2,,,TMEM9B,,GPR83,,,TRAT1,,ATG10,KCNE2,
DDX58,B3GALT6,,RASAL2,,,,,HMGA1,DPYD,,G3BP2,BCL11B,KIF20A,,PVALB,,,GBP6,BMP1,,,CD46,,,CCNG1,DCK,YWHAQ,,PFN2,TLR3,ABCC2,CEL,ACAT1,SLC25A13,,VDR,ONECUT1,,,EZH1,,ITGA6,,,APBB1,,PEG3,MFSD6,
SPHK1,SLC2A5,,CCNB2,,,,,SS18,NEFH,,SDHC,KRT13,DNAJC1,,PTP4A3,,,LCP2,ICAM5,,,PRDM4,,,PSMC6,TCF19,VDAC1,,CXCL8,BEST1,NPC1,BLVRA,MRPS11,ECD,,WWP1,WIZ,,,ATG4A,,DRC1,,,RPS19,,BTC,KLHDC8A,
CD80,SRPX,,PIF1,,,,,TRAIP,PAK1,,SAMM50,KRT15,TPSAB1,,ITGB1,,,HLA-G,VWF,,,C9,,,RRM2,RAD1,SNRPD2,,GLIPR1,SCN1B,BPHL,SERINC1,ATP6V0C,GNE,,TCN2,,,,MFHAS1,,GLIPR2,,,KRT1,,PTPRR,IL5,
TNFAIP8,GLRX,,RASA2,,,,,PRMT5,FDXR,,ARL4A,SLC7A2,FGFR3,,ACHE,,,RIPK1,CD209,,,PPP2CB,,,PSMC4,NBN,HDDC2,,ANPEP,HPN,ENTPD5,,TIMM10,B4GALT2,,CDKN2AIP,,,,RNF19A,,SMPDL3A,,,CCR2,,MMD,NPHS1,
CCNL1,PAM,,NEDD9,,,,,CUL5,ETF1,,SNCG,LAD1,GALE,,CHRNG,,,KLRK1,DHX16,,,FYN,,,PSME3,UBR7,PSMD3,,P3H1,SEMA4D,PYCR1,,MRPL11,FUT8,,ZNF365,,,,ADIPOR1,,SERPINB6,,,IL16,,PDCD1LG2,CCDC106,
FUT4,TGFBI,,SMC1A,,,,,DDX39A,CCNA1,,COQ9,TUBB2B,BATF,,PKIA,,,UPP1,ACTG2,,,PRCP,,,CFP,TUBB,RRM1,,VEGFC,CD48,CSAD,,FXN,MIOX,,MAPKAPK3,,,,DCUN1D1,,TNFSF11,,,ITGAL,,HOXD11,PAX3,
CCRL2,DCN,,ACTN4,,,,,PBK,GUCY2D,,APLP2,TBC1D30,MAPK13,,ATP6AP1,,,PSMB2,NEGR1,,,USP8,,,POLR3G,SMC6,SF3A1,,PLOD1,CXCR6,VTN,,MRPS12,NANP,,SERTAD3,,,,ALDH1L1,,LRRC8C,,,KLRD1,,ANXA10,VPREB1,
SPSB1,SIAH2,,PKD2,,,,,ORC5,,,PTCD3,SEC14L2,MEST,,ACSL1,,,EIF4E3,ADAM23,,,RHOG,,,PSMD12,PA2G4,LSM7,,MATN3,SLC1A2,ETFDH,,COX10,TGFA,,IRAK1,,,,DCAF10,,SH3BGRL2,,,ITK,,MTMR10,TSHB,
TSC22D1,PLAC8,,CLIP2,,,,,HNRNPD,,,PHLDB1,ENDOD1,JAK1,,COL1A1,,,VAMP8,PLCG1,,,L3MBTL4,,,CANX,NAP1L1,ERH,,CALU,RGS16,HRG,,RHOT1,PHKA2,,ABCC5,,,,YPEL5,,SNX9,,,NCR1,,LAT2,CACNA1F,
B4GALT5,FBP1,,CDC42,,,,,HIRA,,,ENPP2,HR,CYP4F11,,MRAS,,,ZBP1,CERCAM,,,CD55,,,RPN1,IPO7,RPL14,,PRRX1,SLAMF1,TYR,,ACADSB,LCT,,CD81,,,,SEC14L1,,PLEC,,,MAP4K1,,RELN,AKR1B10,
SIK1,TPST2,,NDC80,,,,,HIF1A,,,HSPB8,RHOD,CPE,,PDE4DIP,,,BANK1,NRTN,,,GNB2,,,HSPA4,BRMS1L,PSMB3,,FMOD,AHR,CBR1,,LDHB,POLR3K,,RPL36,,,,SIDT2,,ICOS,,,CCL19,,KCNN4,P2RX6,
CLCF1,PHKG1,,TLK1,,,,,SYNCRIP,,,AIFM1,INPP5F,XRCC3,,AGL,,,TOR1B,IKBKG,,,DYRK2,,,BCAT1,CTPS1,GLO1,,SFRP1,NPFFR2,SLC12A4,,MRPS30,LHX9,,STEAP3,,,,FOXJ2,,ENPP1,,,RPL39,,TMEM176A,PAX4,
NFE2L2,MYH9,,TAOK2,,,,,TLE3,,,PPP1R15B,PPIF,CXCL14,,GABARAPL2,,,RBCK1,DSC3,,,PLA2G7,,,PSMB5,RAD50,CLNS1A,,PLOD3,KCNJ2,SLC46A3,,ATP1B1,SOX9,,PITPNC1,,,,VEZF1,,IL1RL1,,,CD8B,,IL33,GPR3,
FOSB,CDKN1C,,TBCD,,,,,NCL,,,MDH2,DHRS3,SCUBE2,,CAV3,,,MVP,ACTB,,,S100A12,,,PSMD13,CSE1L,TRIM28,,APLP1,IL10,PTGDS,,BDH2,IDUA,,TPRKB,,,,HBBP1,,AHNAK,,,ELF4,,MAFB,GRID2,
PER1,GRHPR,,CAPZB,,,,,RAD23B,,,COX7B,GAB2,TRIM29,,LPIN1,,,BPGM,TUBG1,,,PHEX,,,COPS5,PAICS,RSL1D1,,FBLN2,KCNA3,MPP2,,SLC25A12,GLCE,,RRP8,,,,CDR2,,PRKCH,,,LY86,,LCP1,TCL1A,
NFAT5,PCK1,,DOCK2,,,,,E2F2,,,MYLK,UNC119,UNC13B,,CDH13,,,AUTS2,PPP2R2C,,,GNGT2,,,NUP205,LUC7L3,HNRNPC,,MSX1,HAS2,PTGR1,,TIMM50,DSC2,,GM2A,,,,SLC25A38,,TNFRSF8,,,FCGR2B,,USP12,PLAG1,
ATP2B1,INHA,,CTTN,,,,,EGF,,,COX8A,FKBP5,LAMC2,,NQO1,,,PSMA2,HRAS,,,MMP12,,,PHGDH,PPM1D,SLC25A3,,FERMT2,VIP,EPHA2,,MRPL34,HS6ST2,,RPS12,,,,FBXO34,,GALM,,,PRKCG,,USH1C,IRS4,
IL12B,HSPA5,,SMC4,,,,,HMGN2,,,DHRS7B,AMFR,SLC2A8,,PRNP,,,NOD1,MMP9,,,KCNIP3,,,GMPS,PMS2,MRPL9,,SNAI2,CD70,GART,,ISCA1,GMPPB,,EPS8L2,,,,BACH1,,POU2F1,,,RPS9,,BTBD3,EPHA5,
IL6ST,NDST2,,ARFGEF1,,,,,SRSF10,,,MGLL,NADSYN1,PLXNB1,,DAPK2,,,CFH,TNFRSF11B,,,FDX1,,,EEF1E1,ASF1A,POLE3,,TPM4,RGS1,PGD,,MRPL35,PAXIP1,,TM4SF1,,,,TRIM58,,EOMES,,,MTIF2,,DNMBP,SOX10,
SLC16A6,NEDD4L,,TUBA4A,,,,,SNRPD1,,,RREB1,INHBB,PRKAR2B,,LSP1,,,TAPBP,PKD1,,,MMP8,,,SDF2L1,EXOSC8,AIMP2,,PMP22,SLC31A1,ABCC3,,MRPS15,SLC16A3,,BLCAP,,,,LMO2,,PTRH2,,,CD96,,EPHB2,SPHK2,
ABCA1,TPBG,,LMNB1,,,,,CASP8AP2,,,CMBL,CALB2,HSPA4L,,SLC6A8,,,NUP93,CDK8,,,FCER1G,,,FKBP2,MLH1,MRPS18B,,COPA,KCNMB2,SMOX,,TCIRG1,SRD5A3,,TCHH,,,,PICALM,,RHOH,,,CSK,,FBXO4,CAPN9,
HES1,XPNPEP1,,ABI1,,,,,SMARCC1,,,UBC,CHPT1,TFPI2,,EIF4A2,,,MTHFD2,AMIGO1,,,RBSN,,,RDH11,NUP107,HSP90AB1,,MFAP5,MXD1,TTPA,,ISCU,GYS2,,HDAC3,,,,GDE1,,SNX14,,,CCL11,,CBR4,TCF7L1,
BCL6,SLC6A6,,ROCK1,,,,,SLC12A2,,,PRDX3,MYBBP1A,SERPINA1,,SH2B1,,,IRF4,CD276,,,CTSV,,,MLLT11,ORC2,RPL34,,PTHLH,AXL,HES6,,NQO2,LHPP,,CCNK,,,,SLC6A9,,IRF6,,,IGSF6,,GPRC5B,SMPX,
IRS2,MAP3K1,,CEP192,,,,,TNPO2,,,DBT,ELOVL5,TNNC1,,MYBPC3,,,HLA-B,GAMT,,,GCA,,,GCLC,PSIP1,SRPK1,,SFRP4,MEFV,MAN1A1,,NDUFC2,B3GNT3,,RHBDF2,,,,SYNJ1,,MAP6,,,CXCR3,,MALL,PNMT,
SLC2A3,LDHC,,BUB1,,,,,HSPA8,,,NDUFS3,DYNLT3,HMGCS2,,SORBS3,,,LATS2,NLGN3,,,PRSS3,,,TCEA1,SNRPB,DHX15,,LGALS1,CCL24,ITIH4,,MRPS22,HOMER1,,NUDT15,,,,FN3K,,SPRED2,,,NCF4,,STRN,NR6A1,
CEBPD,AKAP12,,GEMIN4,,,,,G3BP1,,,NKIRAS1,ABLIM1,ALDH3A2,,PC,,,IRF5,SKAP2,,,CSRP1,,,HSPD1,PRDX4,RPS5,,RGS4,PDPN,PROS1,,ATP6V0E1,NOL3,,FGF13,,,,ABCG2,,CDCP1,,,UBE2D1,,ST6GAL1,ADRA2C,
IL23A,TES,,PLEKHG2,,,,,PTTG3P,,,RAB34,SOX3,IDH2,,GNAO1,,,SLAMF7,RRAS,,,SERPINC1,,,SYTL2,PHF5A,CCT7,,NT5E,MET,TPST1,,MPC1,CLDN3,,RXRA,,,,DAAM1,,COCH,,,DEGS1,,PIGR,HTR1B,
SMAD3,KIF5A,,RICTOR,,,,,DMD,,,CIDEA,SLC24A3,SORD,,CFD,,,ISOC1,CAP1,,,ANG,,,MCM4,TBRG4,HDGF,,DPYSL3,SLC31A2,LEAP2,,AFG3L2,CLN6,,CLCA2,,,,AGPAT4,,HUWE1,,,IKBKB,,F13A1,FGF16,
TAP1,LALBA,,BCL2L11,,,,,MEIS1,,,UQCRQ,RAB17,MDK,,RB1,,,P2RY14,EXOC4,,,APOBEC3F,,,UNG,SHMT1,RPS6,,PPIB,SGMS2,NFS1,,HTRA2,TXN,,CGRRF1,,,,CCDC28A,,COL6A1,,,SOCS5,,ADGRL4,TENM2,
MSC,COL5A1,,DYNC1H1,,,,,HNRNPU,,,PEX14,MAST4,RABEP1,,PTGIS,,,NCOA3,TIAL1,,,USP16,,,RPA1,PRPS1,SNRPB2,,PDLIM4,MARCO,PGRMC1,,MTRF1,CAPN5,,CSRNP2,,,,ACP5,,RNH1,,,TAP2,,ZNF277,CDKAL1,
IFIH1,GPC1,,FSCN1,,,,,SRSF2,,,COX6A1,KCNK5,SNX10,,MAPRE3,,,HLA-A,LDLRAP1,,,LIPA,,,PITPNB,DIAPH3,TUFM,,CTHRC1,ROS1,CYP17A1,,GLUD1,PKP2,,GPX2,,,,SLC10A3,,PRAF2,,,EIF4G3,,EPB41L3,RIBC2,
IL15RA,HDLBP,,ARHGEF7,,,,,NUP98,,,DNAJB9,ELF1,METTL3,,OCEL1,,,GZMA,VAV2,,,DGKG,,,SRD5A1,NUP153,ILF2,,ECM2,ATP2C1,ARPP19,,ALDH6A1,ABCB6,,KRT17,,,,CIR1,,TWSG1,,,FGR,,PLVAP,NGB,
TNIP2,ILVBL,,DYNLL2,,,,,EWSR1,,,MAP4K3,RPS6KA2,COX6C,,SH3BGR,,,IFNAR2,AKT3,,,GNG2,,,MTHFD2L,PSMC3IP,VDAC3,,CRLF1,NDP,SERTAD1,,,GMPPA,,TM7SF3,,,,RBM5,,CDC42SE2,,,MRPL3,,AVL9,ASB7,
BCL3,NCAN,,MYO1E,,,,,MTF2,,,ANGPT1,ISG20L2,ST14,,TSC2,,,SRI,SYMPK,,,GMFB,,,NUFIP1,PNN,SF3B3,,PRSS2,MSR1,ARG2,,,BPNT1,,ZBTB16,,,,IGSF3,,PLAGL1,,,EIF5A,,ADAMDEC1,MYO15A,
PANX1,TGM2,,BIN1,,,,,E2F4,,,UBQLN1,SYNGR1,MOCS2,,CAMK2B,,,LYSMD2,STX4,,,SCG3,,,PDAP1,RBBP7,NOP16,,CADM1,RNF144B,CCL25,,,GPR87,,PTPN14,,,,BTRC,,SPRY4,,,RPS3A,,HKDC1,SLC5A5,
FJX1,ETS1,,NOTCH2,,,,,PURA,,,NDUFB7,SH3BP5,NMU,,EPHB3,,,ST3GAL5,PECAM1,,,PPP4C,,,ARPC5L,MXD3,SRSF7,,OXTR,PCDH7,LONP1,,,GAL3ST1,,SLC3A2,,,,LRP10,,SCN9A,,,GALNT1,,RBM4,KRT5,
EDN1,HOXB9,,RFC1,,,,,MEIS2,,,SLC19A1,ALDH3B1,TH,,APLNR,,,C1R,MADCAM1,,,CTSH,,,EIF2S2,PPP1R8,GNL3,,MMP1,IL18RAP,TAT,,,ALDH7A1,,GLS2,,,,ARL2BP,,SHE,,,CCL13,,GNG11,ZNF112,
EIF1,SELENBP1,,RHOT2,,,,,WRN,,,ABCB8,THSD4,RNASEH2A,,ITGB4,,,CMKLR1,ITGA9,,,F8,,,ATP2A2,CDKN2A,EXOSC7,,CAPG,SELE,MBL2,,,PYGL,,PRMT2,,,,HTATIP2,,PDCD2L,,,RPL3L,,PTCD2,TFAP2B,
BMP2,SULT2B1,,SORBS2,,,,,,,,POR,CLIC3,CHST8,,SOD3,,,METTL7B,TRO,,,APOA4,,,GGA2,CIT,MRPL23,,CAP2,NOD2,ENPEP,,,NDUFV3,,NHLH2,,,,KHNYN,,SWAP70,,,LY75,,IKZF1,ATP4A,
DUSP4,,,CDC42EP1,,,,,,,,UCP2,NXT1,CKB,,FOXO4,,,ST8SIA4,CLDN5,,,AKAP10,,,HMBS,ING3,RPS10,,MXRA5,C5AR1,HSD17B2,,,NDST3,,DNTTIP2,,,,MBOAT2,,SLC39A8,,,NOS2,,WDR33,ARPP21,
PDLIM5,,,VCL,,,,,,,,,NAV2,LTF,,EFS,,,XCL1,MPZL1,,,ERAP2,,,STIP1,POP7,DDX21,,FOXC2,CLEC5A,ANGPTL3,,,GALK2,,MXD4,,,,ATP6V0A1,,RABGAP1L,,,RPL9,,MYCN,TLX1,
ICOSLG,,,CLIP1,,,,,,,,,RRP12,PTPN6,,PFKM,,,IL2RB,,,,VCPIP1,,,ABCF2,LYAR,,,NTM,TACR3,CYP2E1,,,RPE,,,,,,CAST,,AGER,,,IL9,,CCSER2,EFHD1,
GFPT2,,,STK38L,,,,,,,,,ADCY1,ATP2B4,,COL6A2,,,VAMP5,,,,HSPA1A,,,NFYC,PAN2,,,BDNF,SLC4A4,ATOH8,,,B4GALT4,,,,,,,,ETV4,,,IL27RA,,EVI5,,
KLF2,,,YWHAE,,,,,,,,,MICB,ST6GALNAC2,,KIFC3,,,IL18BP,,,,RAF1,,,,,,,PVR,MEP1A,AP4B1,,,XYLT2,,,,,,,,,,,,,GPNMB,,
TNC,,,RAPGEF5,,,,,,,,,,,,SPARC,,,ZNFX1,,,,ADRA2B,,,,,,,COLGALT1,LTA,ACSM1,,,ARTN,,,,,,,,,,,,,,,
SERPINB8,,,CEP72,,,,,,,,,,,,SLN,,,APOL6,,,,HNF4A,,,,,,,GPX7,STAB1,,,,,,,,,,,,,,,,,,,
,,,,,,,,,,,,,,,,,,,,,,ITIH1,,,,,,,,P2RX4,,,,,,,,,,,,,,,,,,,
,,,,,,,,,,,,,,,,,,,,,,PIK3CG,,,,,,,,,,,,,,,,,,,,,,,,,,,
